Inbound Rate(bit/s),Outbound Rate(bit/s),Inbound Bandwidth Utilization(%),Outbound Bandwidth Utilization(%),Label
-0.14642751768964501,-0.9584446093590607,-1.1094571162789633,-1.1595304537807938,1
1.864175169856506,2.045473088046352,1.479204967459609,1.6133182531979302,0
-0.714157742693029,-0.3680521348112516,-1.0737913577329787,-0.9594975048989628,1
-1.2853670675072952,-0.6612621607016184,-1.4970795857007435,-0.7680482278946507,1
-0.7687621922574183,0.2303680847126106,-0.8811726083129553,-1.1860364508758732,1
-1.3206967790115467,-0.2081957371502141,-0.8736508010423437,-0.9255980166201772,1
-0.4164133351643876,-0.994627554051806,-1.0971157589169889,-1.5273990686641596,1
0.47635105557789215,0.16778238819340174,0.16490790454483928,0.6245061013428149,0
1.0712373833869937,1.1935478172056837,0.2610446552763068,0.8549866998329789,0
-1.3358920433472017,-1.108440825723147,-0.3493490161544214,-0.8462906812350354,1
1.7493121794780504,2.0061787343609385,1.937019078954752,1.2480246203489311,0
-1.0280776102064535,-1.201477576737103,-0.6512545765768748,-1.252199073236974,1
-0.3425129219589836,-0.5826773705461035,-0.4998269037616237,-0.5937858118250463,1
1.9487542680730223,1.4501086398339955,1.7759423792047042,1.2011324633440092,0
0.1878410673220861,-0.2622539222352792,-0.1752045901581756,-0.4768324263802511,0
1.0109832856387784,0.0364265760215041,1.3926143100494213,1.001696307609004,0
0.4973589158145367,0.99716864295034,1.0337908608570847,1.3662856398080352,0
0.4023078509912949,0.4725599705038766,0.2842454362946611,1.0554746944334272,0
-0.2538144614605967,-0.7533093127423495,-0.3109896120601183,-0.8810381377282263,1
-1.4426784678184632,-0.8546724814478711,-0.6428753620809661,-0.665131540490127,1
-0.433123090884922,-1.2521107765001185,-0.5941683566696107,-0.3284514406931395,1
0.1737749504311239,0.20668495746318583,0.28979205662448737,0.12248743623998537,0
-0.7807657246241066,-1.264062283157293,-0.569458427985752,-0.7716254941302418,1
-0.501608049998447,-0.7392710381347297,-0.6003476970604718,-1.03426173309984,1
-0.9335395885189979,-0.8758722247075753,-1.3629055938108834,-0.5676357415068606,1
-1.3786536032057817,-0.2891707161599203,-0.819169377691699,-0.3303216597120145,0
0.0310583829455531,-0.3796644777323417,-0.55179392579104,-0.754335354815114,1
-1.2882017304504425,-0.6042272634197842,-1.0530532073590462,-0.880114676145319,1
0.5761280832284839,0.0321606881431516,0.2791096656097369,0.390693231230384,0
0.9099020845169236,0.958458913483905,1.322039843128176,1.6310912801119288,0
2.1634873466705065,1.7281696737802663,1.927288081910821,1.932983556544436,0
-1.4069927559918023,-1.2392635122396802,-1.4926989838419793,-0.8386746247201738,1
0.7733918824319124,1.6266471386675234,1.5911779591060218,1.4703491674227318,0
-1.3899563594108335,-1.0519904358481291,-0.6411830815504889,-1.0523861173315203,1
-0.8141103857414121,-0.8312316264727118,-0.3801221155442126,-1.1704157971453877,1
2.5626464080377125,1.3711406925712508,1.6491071547830514,0.86170240053606,0
-1.273167789307199,-0.8892366972294834,-0.6253435118003869,-0.6062321513827682,1
-0.708684404704335,-1.5538648773438046,-0.8363440893076686,-0.8223578299678465,1
-0.6060368034735806,-0.6784748361019918,-0.9224230471733006,-0.4597155733116033,1
-0.3922182239304898,-0.3092056433829345,-0.2762886895390719,0.0089031041730721,0
0.0277464818141833,0.5880587624964476,0.0841946964407091,0.1698702201154924,0
-0.6559727803819255,-1.1231534028810912,-0.9608230046982593,-0.6776434880956346,1
-0.1697747929656783,-0.2744722981149826,-0.1009909510972265,-0.1895757872454426,0
2.081776508298527,1.5665182738431145,2.0095971719565657,1.235266638528431,0
-0.8484202521692574,-1.1698949486964831,-0.9572696852984252,-0.7611560513723484,1
-0.015641371007583,-0.9219676610804196,-1.005906943149795,-0.1939502297733176,0
0.673824244119116,-0.0003280436081923,0.8828125827839512,-0.1693671201047348,0
-0.5933515782751139,-0.7627318971105265,-0.8572693482923466,-1.2602988240736317,1
1.0079758359776907,0.7695498965820715,1.5231803607602472,0.1048204430849296,0
-1.3403735724938208,-1.2845103118097212,-0.7746305446091226,-0.9305529351663462,1
-1.1031208147272316,-1.31755381098972,-0.7119048413096462,-0.9996829732474062,1
-0.7304696491385121,-0.6388873254157604,-0.5800103874957987,-1.3623703145725443,0
-0.7145464583436025,-0.9119159603635648,-0.9615402170363958,-0.1924472474968971,1
0.9501368870546671,0.610148363402299,0.9553725262646092,0.6009594499208675,0
-0.8788926152287503,-0.6772080584569335,-0.8032757713757122,-0.6461576605517799,1
1.6672158052085577,1.2394897796265094,1.0856815170344045,1.6772723649748194,0
-0.3205628804122951,-0.7600003086317391,-0.6665761762628737,-1.5779291734464616,1
0.5468524537303452,1.2053552464955837,1.1033588970834736,1.205019054934121,0
-0.2485187198185674,-0.7833480311128196,-1.2221283910948573,-0.8080189932021121,1
1.001302284421472,0.1091076726099209,0.6765248007065532,0.5417154913090492,0
-1.3127247349492746,-1.347923249379097,-0.665382654719997,-0.4641883226013721,1
-0.5321290517344884,-1.1777270637772064,-0.5783863063119707,-1.423514812511277,0
-0.6095101902033416,0.0325207956360049,-0.9353268948212335,-1.3344092293169771,1
-0.7357865292239881,-0.907408890567924,-0.6082000824611302,-0.5555383185775566,1
-0.31817221541791774,-0.8110224043816457,-0.6694285355029858,-1.0442700816271624,1
-0.14163737195772097,-0.8531705283499761,-0.9030549410287642,-0.5603994586305656,1
-0.9123888827262748,-1.244053900634725,-0.6340542782044105,-1.088122385981278,1
-1.3128260718744775,-1.1249800342757674,-0.3601959462996968,-0.4671019208131712,1
-0.5406293394785734,0.2036928693732642,0.0442556989772223,-0.3591516583523052,0
-1.400842434066798,-1.3210153217816187,-0.7697468428741266,-0.7885866167478954,1
-0.7813474478339334,-1.128882400672207,-1.7103082207938098,-0.5951913252356434,1
-0.6384191828637354,-0.8264814893185511,-0.914494410201662,-1.332425133027464,0
-0.1284513248812239,-0.4127929129308891,-0.2183295053285927,-0.6334534930141413,1
-0.1675019365438774,-0.9814563023174884,-0.7038772806656907,-1.4440727431536442,1
1.7868623780884805,1.465941794473322,1.2229378438180527,2.031244887729972,0
1.9876403330353067,1.6587654412218538,1.7596714771332798,1.8729228261179236,0
-0.4663127657188238,-0.57150721176208,-1.1606572847198633,-0.6706992962869458,1
1.1657212125982783,0.5177705752084232,1.4992738839723196,0.7026076694469728,0
-0.0088393376985563,-0.3457197224771237,-0.2364672532480726,-0.1249462987331676,0
1.0713501825714955,1.5179314953305254,1.2453414914167413,1.3362254293058897,0
1.1517802301733644,0.4731227277382217,1.1067094768231955,0.5490111006792009,0
0.8733143957764081,1.4345067629607935,0.8812238876810454,1.5195873540180047,0
-0.7816776178804998,-1.6102495550315303,-0.232145278992524,-0.6453942181456784,1
-0.340420435324642,-0.8175710907419504,-0.7906325943586372,-0.1484880389308116,1
0.5575566309002802,0.2956448474132275,0.34361835068182606,0.32752793014521975,0
-1.4032640630446926,-0.4613141631522368,-0.8401527989541526,-0.4574125742472035,1
0.6653894524947851,0.009103366937932234,0.8747134243433958,0.9167663748308977,0
2.066214720905598,1.827576249807788,1.2125601276667282,1.4631758582288152,0
1.3852996449053436,0.7447524896927991,0.919735893718528,0.8809070070725037,0
-1.1258430622542197,-0.7241611968870957,-0.893354249579144,-1.231073894877717,1
-0.6720490551196461,-0.9587437062942192,-1.3533153131258169,-0.7061888495715577,1
1.6305675145691525,1.6392056526650522,1.1509211789861964,1.617617870312319,0
1.3223985859560523,1.3508510649359142,0.9467117867995052,1.2487262321158898,0
1.582257938992368,1.043586896352726,1.4268298919904672,0.91601616226409,0
-0.8817789128051754,-0.9496357538134077,-0.9957339677824005,-0.26717083059614877,1
-0.7759375417614484,-0.7980981066401813,-0.7021041807614641,-0.7706485977599782,1
0.1333977938586046,-0.1098587345466467,0.1402221363092917,-0.8171522199363084,0
-0.257749965325114,-0.3782531214429185,-0.9558039739453568,-0.5809084028820557,1
-0.397585404110108,-1.0655562160091907,-0.8172533328673504,-0.6166984538390313,1
-0.36111277713335965,-0.771780730330428,-0.4998119660083959,-1.290252318273537,1
-0.3881918791123416,-1.2343473687989304,-0.5496259201413674,-0.5869303810925206,1
-0.6428329678753191,-0.7774213992470006,-0.6400938571137373,-0.7399374738669945,1
1.312678391841151,0.9958432305690932,1.4447911550426678,0.7759051751363705,0
-0.1484458361351073,-0.6657621210255449,-0.8055675259047819,-0.8109261797887893,1
-0.5979941903359872,-0.6269659405335988,-0.5187245296998992,-0.6304470921756569,0
-1.0963183598592727,-0.669760151587754,-0.3700272136649348,-1.594690260328108,1
1.3708150033008286,2.228972753866951,2.2803681489004384,1.3590498250162883,0
0.5357456743813946,0.111298455308478,-0.055411597443986,0.001095540632301,0
1.097916333671221,1.7929660336911295,1.3770180966541423,1.6182443965829925,0
-0.7485085732467714,-0.1318001764321898,0.5223621425580711,-0.195072160610941,0
1.9032211700368955,1.847845455329865,1.948408154394741,2.165524989214382,0
-0.7511708120501799,-0.3267700945465608,-0.6882436915223684,-0.9718899107132342,1
-0.9551340663203014,-0.5056431236174628,-0.9076360403400834,-0.8688587932502683,1
0.27694749713477396,0.18172060216603447,-0.48603910099845293,0.5003904360021381,0
1.3754449422605095,1.649110288155349,1.1582474967506875,1.5164675967539492,0
-0.9150398908795948,-1.1756934231077256,-0.6944010119519467,-1.4018101898961717,0
-1.1749744545170406,-1.6667453673060515,-0.7342551648516359,-0.5785111658535727,1
-1.084437593096752,-1.4575072243881464,-0.941849101249266,-0.4393042121320069,1
1.7016205908699742,1.3457540780702075,2.2792472162755293,1.6290697035662187,0
-1.1636836884818182,-1.09678525591483,-0.3099536658583506,-0.7602912998344803,1
1.8214407209601278,1.7206868621269171,2.113370994892863,1.6896394084382242,0
-1.3439435109697384,-1.7168088798954,-0.676525803301326,-0.8296069555296129,1
-0.7708470954345783,-0.962795377728845,-1.4301582270241586,-1.5742419092240936,1
2.4064087070024778,2.0192985563088346,1.742451152803412,1.829889398489661,0
-0.5369635063329934,-1.157841273289034,-0.4764836807876976,-0.6945470392885125,0
-0.8279022621716128,-1.0784885414332086,-0.6606082817961525,-0.4079214792753761,1
1.6065037459014289,1.4714803381339934,1.2203952921797006,1.6498734545896858,0
-0.3158229966061619,-0.6792467677034544,-0.5571052402379608,-0.2759794408795049,1
-0.5872528614419567,-0.7931212563100758,-1.625427798692225,-0.5258456499416144,1
0.0571154021292648,0.0093286163743162,0.8447302466409093,-0.0593170707688968,0
-0.6788529236617843,-1.1141590177055418,-0.842607440024409,-0.9219228538834422,1
-0.977602063395929,-0.9285413548276066,-0.7483820051983501,-1.1918058162085838,1
2.1209598691072333,0.9867938604194836,1.8690860100374944,1.3520748458222311,0
-0.8635409569619196,-1.135066294477606,-1.6801585658632576,-0.8540048050917763,0
-0.1365989827712471,-0.4963729988640713,-0.037585704893681,-1.0665104285545917,0
-1.0411081776260178,-0.8665694839752146,-1.2144254558801657,-0.827101413202049,1
-0.8677042278303474,-1.149837251084377,-0.838949972734025,-0.6199713530685901,1
-0.6827255126282602,-1.2866420808279893,-0.8917347634151754,-0.8830033174149484,1
0.009874620358296116,0.22683303532095211,0.17533995106513478,0.7406272844611765,0
-0.8898648478209195,-1.246824590787873,-0.2780671911203404,-0.5167488709231991,1
-0.9614397603089194,-1.3242002627471157,-1.0842441134909255,-1.2025252387264669,1
1.3056275018869554,1.2585829280917529,1.3856802542466349,1.2521338746134298,0
0.19886040453191722,1.0429303846016973,0.08588940440359383,0.7743604139686172,0
0.61815882896504,0.8787591556456641,0.5865524435876754,0.5833789017610915,0
-1.0082727218561989,-0.7300526367208303,-0.7725154990339737,-0.4402330878142395,1
0.0658702473769962,-0.5173647735260032,-0.7853954294171591,-0.8834455546371547,0
-0.2419057115757644,-0.2876363194078041,0.1752839894153179,0.1941471101494724,0
-0.0854655920453887,-1.0734453352175248,-0.2818236755116458,-0.6990678533564134,1
-1.2813869146007213,-1.5724951115947277,-0.6203878855598386,-0.9778744335190344,0
0.2247746875851227,0.1338844610755641,-0.2926175644226774,0.5406493205071534,0
1.1371508396651036,0.6998455282680504,0.7837947974334043,0.9074942825795713,0
-0.8162331657432376,-0.7315944572828393,-1.1063056050463271,-1.162001720674657,1
1.5133357207799194,1.4006016688909897,1.649581968217524,2.300342659485658,0
-0.6569099562806988,-0.6837682432120958,-0.7718088445123229,-0.8224257054247512,1
1.6294687524363891,2.053470811181409,1.0968152111594662,0.8005658130517326,0
0.9903938748259176,0.7048989530247902,0.8833361298152538,1.6044214713678338,0
0.1544499289137507,0.4063624511428091,1.0420411840739765,0.3422356284833602,0
0.3629963119838577,1.2040620257821906,0.9452861266566134,0.44882706491252455,0
1.1871655698738135,1.3004364607134211,2.0301329216489186,1.6271336034481982,0
-0.9143903313026864,-0.3140085343414766,-0.8761685256136448,-0.2703041986738249,1
-0.5640271873698952,-0.8970488607301528,-0.9169723302623308,-0.5352790179133575,1
-0.4824579281701704,-0.0088478672505338,0.1716081714278669,0.6714400508399513,0
0.3356082827317386,-0.6835693658377754,-0.8306633170670318,-0.2190381389370288,0
-0.9152051957541244,-1.1137919083823595,-0.718555806293602,-1.0654312259242682,1
-0.7623897024715247,-0.7375644004031583,-1.0444172329788817,-1.2691637324651168,1
-1.5840859626337431,-0.9740151993396796,-0.9112168397837712,-1.013553534184819,1
0.4171035336232709,0.013008113499966778,-0.11146709729989468,-0.0476590404016658,0
-0.9195421274592288,-0.2918186864868096,-0.281560985526732,-0.828377204531959,1
1.2912211213500084,1.139912141818731,1.3343396839236403,1.826278539897523,0
1.4605113430654484,1.6019760404302825,1.9745373344078345,1.5113442874123313,0
-1.255364151271007,-0.7263568796388795,-1.1331076996816165,-0.632498061225948,1
-0.4608381238890447,-0.3436130570705876,-0.8871154813748432,-0.6109544313884046,0
-0.6395995694081716,-0.42820093094601214,-0.521838553576109,-1.089123520798478,1
-0.5284869522865286,-1.4007927102138136,-1.0173103078121335,-1.207137472278545,1
0.0192858128680019,0.5487505540943978,0.3255867277169435,0.7436793886046041,0
-0.799201260213111,-0.551571013917578,-0.5835192242068734,-0.7201850946981636,1
1.6596117136722073,1.375301484114183,1.6028920624934846,1.5070129991840455,0
-1.061136412337799,-1.0537135365335304,-1.1740276157977796,-0.2474704145318096,1
-0.5732496486863325,-0.8486563559920498,-0.9227563727461324,-0.9571883460492728,1
-1.088756064847724,-0.7284363714926412,-0.5747309818178182,-0.4626007160494769,1
-0.8088390268620022,-1.2625928003339637,-0.8419086986808744,-0.5893693371159621,1
1.6969334281977415,0.3699201994273758,1.3659188433339775,0.9038955914270856,0
0.8117337056733428,0.8742826169997006,0.7774613916892422,0.7529164060455978,0
-0.8788814751311395,-0.7394881327567111,-0.8912789217352947,-1.2745923475935212,1
-0.4855313552945069,-0.8193576582134873,-0.9044681410564248,-1.5154768868171462,1
0.5136540512486765,0.878793148590651,0.5345616573129564,1.3593742515165976,0
-1.6108720758590165,-0.7440715513118723,-0.2127342873652205,-0.34323677737630437,1
-0.6442169491814274,-0.07343365651279476,-0.28368993485199534,-0.6406527859251846,0
-1.285292270569249,-0.5907576048401298,-0.6056924786097476,-0.690552579381954,1
-0.8938835862038409,-1.1619949999535035,-1.1162295059646743,-0.9370880173076244,1
1.4549482923779178,0.9330082642523652,1.457487073768508,1.874025818371873,0
0.396638961884596,0.6463079968594141,0.4059294201477773,1.494361840361716,0
-1.1873163437812226,-0.9422027220468098,-1.249182499572054,-0.4855381227029434,1
-0.293076573557008,-1.2948547870289138,-0.9069475588356404,-0.6293888745138718,0
1.5841295345531288,1.6355316948081515,1.914013491912521,1.1823089260580315,0
1.430368294044885,1.6651965272035734,0.8650480308377522,2.137232861107649,0
-0.3206315785366929,-1.1919026547328242,-0.3606156348794036,-0.4812461652575956,1
0.4687507432805854,1.0215874696708036,0.8303306696820416,1.1947803539078332,0
0.073909584294787,-0.3067957295869979,-0.0360716615850136,0.1359977706006018,0
-1.210298321965758,-0.2299005962373231,-0.9432815574357468,-0.7375168952237505,1
-1.383737882983045,-0.7824514443824875,-0.9463617592828688,-1.3631198313163573,1
-1.1697396747186617,-0.1943094511671342,-1.0687295683903393,-0.5465532092886077,0
0.7330129806994559,1.6879378452838327,1.318841390700614,1.364646032608985,0
0.0987409670205375,0.4468319953950064,0.6695923235407149,1.3501249601397325,0
0.6049015018990521,1.0367058163503386,0.1934844521883307,0.9734671120461152,0
-0.7760910137997439,-0.7216042498044232,-0.8443369616607249,-0.6832247424481606,1
-1.5588687672471797,-0.9319500632727256,-0.8455791498577034,-0.5580252941483413,1
-1.1865878967871597,-0.6758233169044393,-1.4134226941306345,-1.0224006534428047,1
-0.731840650618052,-1.175758522278873,-0.7232827338663498,-0.4307695114113292,1
0.5572265291501757,1.0501628851340452,0.6654961083664087,0.6519723657794847,0
1.1762967963364779,1.2921937380545945,0.846728358723033,1.6575661683731133,0
2.18665674996554,1.895912600935309,0.9122881653370029,1.3656911662375797,0
0.8570238908676591,2.0492690333010204,1.4416636752207272,1.1470068286299444,0
1.4716392483587883,2.045931063145598,1.4808112495076935,2.598033130107801,0
0.3820436474559863,0.0124042549008991,0.3871670227748818,0.3429814629562973,0
1.090795541392215,0.9818743376742848,1.7732844883095897,0.5406664787609015,0
-0.6597885779818142,-0.8647573302932198,-0.3157634816964133,-0.4891410469967868,1
1.5646387524921443,1.281583223528994,2.0795995436514367,1.3655328316060853,0
1.0776587766278662,0.6391678635689728,0.2740013365315634,0.4707458891743183,0
-1.2128335236161032,-0.4614119377918587,-0.6931980941868727,-0.8229804686047061,1
-0.4961027930057497,-0.2281445363475103,-1.4179734384945086,-1.4495701984624532,1
2.1777024737597785,2.132201401815889,2.2737232105829928,1.914608607330456,0
1.6990934404689806,1.14052085887193,1.209883723312089,0.9721390465501056,0
-0.740966829172415,-0.8968474216206526,-0.8932861014631964,-0.5219646264289783,1
-0.32137106323670683,0.16001181550579113,0.5437338889996056,0.10774215340638904,0
-0.14505881041085955,-1.0579918840453468,-0.7878317550474355,-0.5597334427399074,1
1.334959493619498,0.8024685904428703,1.6217748367418356,0.3433176488365624,0
-1.3301175048371845,-0.952220476940082,-0.7700008361181709,-0.7256707799223472,0
0.7771128858480625,0.25207991683045505,0.012245988780791972,0.5735910587498904,0
-1.1516948212083156,-0.2384941337317994,-0.8435743086235461,-0.929207125462804,0
-1.1462584863631244,-1.2990168564754394,-1.0325443903966884,-0.5005250651054689,1
1.0978069596223858,-0.3380875473638477,0.0420849774887607,0.2130353012089452,0
1.61092174377453,1.6889313512924597,1.1621262981974718,1.5092808860383424,0
-0.6834429092020491,-0.962593725558705,-0.6475460641941746,-0.7175399316948518,1
2.2266577983485303,1.8864595948143839,2.378231554403933,2.3452453790737935,0
1.8803855399844944,2.3267653163567825,1.9024131093062384,2.600999776620306,0
-0.8329508371605289,-0.72459908977708,-0.3616233719133844,-1.0770661073665473,1
-0.68387362609734,0.0894691574474235,-1.4491794454214686,-0.8012560541070264,1
-1.2585005470245365,-0.963447195396358,-0.6558750137633065,-0.7929665681191779,1
0.1160405139719465,0.3355479005720129,-0.2118959995675755,0.548068448969145,0
1.2577072898009638,1.894273724272228,2.0557995869340955,1.235525834431095,0
-0.2991684411157848,-1.0480557561824693,-0.4543621321423921,-0.8873361720278576,1
-0.5530086550788441,-0.5081504748268878,-1.0015306686217729,-0.8034481361822461,0
-0.177587844943313,-1.1550881955057917,-1.1339644282629302,-0.5564310479361854,1
-1.0445734449309008,-0.7216381884278193,-1.282736762421912,-0.784430090136561,1
0.7390160309054045,0.1896624638604248,-0.1934465758286832,0.2527000328976227,0
-0.2900923395946317,-0.5915182565794329,0.1215231468760374,0.5652423698248463,0
-0.818181286221515,-1.3821077578583494,-0.4468658395754427,-0.6519695455181329,1
-1.1747783318716123,-0.1433519758757578,-1.2481205135190656,-0.746559208149602,1
-0.8426300695149244,-1.0852989667048152,-0.5443053993913808,-0.561907414013566,1
-0.9737161500029774,-0.5381182762426127,-0.9865085357505952,-0.8127589870672669,1
0.9622761834487216,1.4169607902491888,1.5998385835570903,1.452702935523969,0
-0.6485241326939659,-0.4426647943138999,-1.1268553742250929,-0.6964049737212612,1
1.6041614624033422,1.469509850669129,1.821153772970572,1.522189395802079,0
-0.6464140527770528,-1.171586229227783,-0.1634448003421983,-0.6209922498235869,1
-0.962561940320651,-1.2762193691136297,-1.1553538498961915,-0.5517315215910359,1
0.2794105771850651,0.8352707273009988,1.301211832886791,0.7285881227271451,0
1.0989626459270605,1.0537575021650305,1.4805179656041074,1.78986430665119,0
-0.6276187989349626,-0.5979442423147342,-0.8922935741333142,-0.12093792198769704,1
-0.8710235124785577,-0.4415145471063875,-0.8816666840799462,-1.2765484647163814,1
0.2726295601599488,-0.0551954655447315,0.4406194149100387,-0.331627077309421,0
-0.7572193437092308,-0.5976333260913331,-1.0131671735392556,-0.1722708991100268,1
0.9639604894456226,1.3008617187111515,0.3861378226653581,1.5012730037835356,0
-1.3703497286983997,-0.7497185790481667,-0.1908153754653339,-1.1496891836976668,1
-0.3840975877439002,-0.3607346310751417,-0.7974198358677722,-0.9424445770532652,1
-1.3499327333863271,-0.4549145855268178,-0.9562954040067652,-0.9321979276017452,1
2.23949687408694,1.2853260460289646,1.3934498950378056,2.0756502367390914,0
1.0062370811951808,0.8714879720988908,2.000852362626929,1.2792799266467614,0
2.197675917431305,1.792914307969511,2.052371741268672,1.2039287154097562,0
-0.5559676682148589,-1.476786386855942,-0.8194135485529235,-0.631057878509305,1
-1.0155436546092222,-0.8717403972079651,-1.158314532396441,-0.8463962598870634,1
-1.3245191441590123,-1.0299750436402828,-1.1021410346318354,-0.6875449506312431,1
1.577007928583523,1.161908711448973,1.697726855723822,1.9463720510046008,0
-0.4529603152625027,-0.3764853115495288,-0.8251921144390462,-0.9154060947534228,1
-0.9970281298635467,-0.48998062087281147,-1.1838475453961324,-0.6353264966857373,1
-0.4970130277450859,-1.0848866952226959,-0.045966730047851456,-1.4867357331642532,1
1.892746581778086,2.1525164090407847,0.8281397383598774,1.9095197867854443,0
1.4007608896134556,1.5127021600348864,1.194122016296625,0.7460230589388325,0
-0.3780728549257731,-0.7936867511181191,-0.5589491648433429,-0.4096390730528152,1
-0.0142511828362213,-0.2058862928683374,0.4570494124181221,0.6772420293955556,0
-0.7651828237583171,-0.9742173146964072,-1.1556527244514379,-0.2241759507358474,1
-0.3733900626090167,-0.3539446413932071,-0.925905295660254,-1.4118965903262757,1
2.099819029461488,2.834366855898776,2.167145040047379,1.680613937416786,0
-1.1117268586351097,-1.0083598225852466,-0.420626467488972,-0.7902957501245755,1
-0.0171175854700692,-0.5372671624014326,-0.4447940221018879,-1.0032034466886672,1
0.7757985326651119,1.783160208670853,1.252925248352326,2.0157934988025588,0
1.1793036429372212,1.4714853968940929,0.832400658103297,1.51350352449261,0
1.2287327872486027,1.192676109873021,1.6263229564695192,0.7950420542200435,0
0.4056715601626509,0.4551663570521436,0.7367807483140232,-0.0840103372470313,0
1.067674841915388,1.5569135841529065,1.7954643584976115,1.7064596879902032,0
-0.5058663218665553,-1.1861206916043112,-1.0854299835216028,-0.7692149294847767,1
-0.4220498408269379,-0.3531687537870729,-0.873857502764777,-0.4145342192224067,1
-0.480275866394621,-0.9021046196804332,-1.0392232006290565,-0.9347952266303337,1
-1.639364837858166,-0.7117410414982536,-0.9463865160420626,-0.4891070392026544,1
1.528179439824695,1.8699895447689272,1.5607977763700025,0.7360300236536759,0
1.231769890227838,0.910224224994642,1.1336903183549083,1.0880007921355042,0
1.8347478597624851,1.2905150541968688,1.240987822393652,1.7597912280989525,0
0.7171588876569625,1.2927151822597536,2.2808616156405233,2.021598102356348,0
-0.37133040319638505,-0.4158816656148792,-0.8223788950262516,-1.580100252960936,1
1.1401770200700594,0.628613404053191,1.5741601404017276,0.9269344216612224,0
1.5748564979116153,1.6766119506294084,1.194500438495412,1.3074816568750347,0
0.2142469380623685,-0.1326635054040297,0.6686680674161583,-0.3809143730204897,0
-0.5074181228145868,-1.2225425951734898,-0.24271544956963764,-0.6986035506742063,1
-0.4486230798935,-0.8426438424241787,-0.3197926215641188,-1.0622453788567383,1
1.6642752390534596,1.3829096078816945,2.00547803996483,1.472048614201208,0
-1.077457135155405,-0.7798686951263489,-1.7044284355746844,0.06866279888674653,1
-0.4875497452536466,-0.6381319364398381,-0.8873904401583628,-0.8925405963146051,1
-1.3665848170433352,-1.275934644240607,-1.1234232861504876,-0.8062680791654868,1
-0.3167115867845093,-1.309058495055113,-1.0217757443513529,-0.6774430464998384,1
1.201469224561076,1.0878109203692443,1.415586678934523,0.9158649327871546,0
-1.0266617291144151,-0.0805757082829066,-1.0018295749758748,-0.8038577007364371,1
-0.9377670846957818,-1.2346715928167438,-0.8632376308291951,-0.5807109734886732,1
-0.4668885430246646,-0.9629902452226216,-0.3659038858874114,-0.3791674720192801,1
-0.3463075675944957,-0.5535600037500112,-0.6836587101424029,-0.6696056776358383,1
-1.400572411544989,-0.6498848828337515,-1.5414139103741844,-0.9376725104120756,1
-0.3738115126815038,-0.1704898079242442,-0.11531033617971,-0.4084595923436487,0
-0.9936413968961876,-1.1918987424879888,0.0018469339622493,-0.1547246934229421,1
-0.4679484473217631,-0.6169105181948227,-0.9334300851114686,-0.5304609572176799,1
-0.7929481908276368,-0.529170218425303,-0.47935451351605074,-0.2769362456995218,0
-0.6406623275410135,-0.6645263627526845,-1.234419013774835,-0.5801166998338111,1
1.7044349592980472,2.05443788536206,1.6071189676845965,2.4979539906284933,0
0.33368618139053163,0.5917597641723099,0.8512533145232485,1.1283265175597568,0
0.8066702425273171,1.146566765617854,0.434110253671459,1.0034723390150593,0
1.146819958658725,1.6474806088647251,1.2952387843004045,1.770315034247014,0
-1.0169301405976134,-0.1453830423254343,-0.7436559136486975,-0.5373502446390506,1
0.2062579835246542,0.2712775488675152,0.5923215977940479,0.4338849828388244,0
-1.3269414759398706,-1.0539061963351546,-0.6730585130330621,-1.2049218552055871,1
1.6125517508868483,1.456437477923294,1.4166802662943303,1.2168886592914216,0
-0.7926860131172178,-1.660364743742852,-1.4783464099411596,-0.611194074482712,1
1.2575009229429617,1.6231613812511654,0.5650565082062902,1.3798379814934374,0
1.4704464402097313,0.64978855308486,1.8782436338084636,1.7714990372928043,0
1.900580683958845,1.7227968658830384,1.5542468933192553,1.4007521096605766,0
-0.751400345682433,-0.6307760618870162,-0.218453211603927,-1.0585620994601077,1
-0.8803086669383363,-0.5557704765286609,-0.9558840016120782,-0.822679224144301,0
1.95604570567514,1.6466843420426296,2.050438344495649,2.554561330579883,0
0.2718376857482184,0.3313819833958337,0.5717268963296946,0.002257941788377016,0
-0.2694829665793002,-0.1184779432163761,0.5678633658787113,-0.488072294904513,0
0.7250642378824357,1.0950612203458554,1.150807466174136,1.552882311779647,0
-1.0045138021009352,-1.2226178879260174,-0.5039398591401717,-0.6721039592214516,1
1.9941021235328649,2.276630365096498,1.999745404401882,2.313062369264841,0
-0.8095391361069204,-0.8645140418676357,-0.7801366198258555,-0.9998727260893314,1
1.464633876324888,1.194044105518905,1.4634343356083173,1.5344813095553027,0
-0.722253690639574,-1.3101627053178844,-0.3375525751339086,-0.5410673145618998,1
-0.4740780312726999,0.2263012766350561,0.2280959441513712,-0.60765290645611,0
-0.3567516040318949,-0.2126101808454227,-0.5370067270991148,0.465267626665529,0
-0.706665215347166,-1.0958273904781275,-0.9503756743719898,-0.6349138359857786,1
1.6500021439647323,1.8276712715839645,2.431363873419017,1.891879318170865,0
-0.6784997040667919,-1.1600032502281747,-0.6731413037651014,-0.7552822368527847,1
-0.4834310543169676,-0.3865314602989161,-0.0467652004867206,-0.9375219297847686,1
-0.4093743072411224,-1.1009391216065687,-1.2871772004944395,-0.8365975819414528,1
0.976458050817698,1.929366539194593,0.9128889524989772,1.0700880335250569,0
2.306940740477782,2.421979620545481,1.4914230150467422,1.9105856028031103,0
-0.2982072997222055,-0.5017395531363951,-0.8664866208965561,-0.8013941723767039,1
-1.5125452153636458,-0.8745633319421136,-1.3318247793553233,-0.5142792892956648,1
0.3751623291615235,0.3141986342097484,0.8811409778535918,0.8038705551497463,0
0.8065042430822027,0.8728611334501587,1.201697200114098,1.2485145828440272,0
1.093927628902799,0.32668304892561106,0.9742107631363219,-0.07587575029358551,0
0.2263229355565326,0.36606493276484636,0.08463537820548028,0.27826672919084483,0
-0.5946671488835295,-0.7277038573331798,-0.3993853192298766,-1.3503843367606772,1
-0.6355376577887936,-0.6207523583490789,-0.8165553565917019,-0.6486618196199241,1
2.108599343731747,1.652020314135548,2.0947948410257755,1.66808769303676,0
1.9116990557972413,0.9340616194529128,1.5601855638450788,1.574804648121623,0
0.0534985955309144,0.5588731909966854,0.7072827555159353,0.1193573385183016,0
1.7539115469269877,1.6404908595282848,1.982219147581881,1.945398756347977,0
2.148477153401934,2.389669037897812,1.2358476634711837,1.0015711676858732,0
1.1169301836944785,1.586929140234886,0.8428094554497604,1.6364190187452168,0
2.4943029796020078,2.208324184228275,2.5484013712959594,2.772407126211713,0
1.1105651119501092,0.9635317064593696,1.6329109475587864,2.5899916627253567,0
0.1615733415193153,-0.8938903431150665,-0.5468306453857801,-1.0141292129137227,1
0.2781187637988379,0.2031768133439371,-0.0479888297094478,1.0022423723961502,0
-0.9382861464247864,-1.2561536300185252,-0.686540825654566,-0.8854037382022508,1
0.818387611739572,1.1198162381812105,0.8124403298433109,1.4004592517800352,0
1.1128253972963158,0.9993744031977716,1.7712410018388125,0.4515057093182746,0
0.7943500010413419,1.0876331075130756,0.4331156707008042,0.6993142886893062,0
-1.139459852459745,-0.9770434629081184,-0.9427943431882096,-0.892943748750559,1
0.0901151081969567,-0.694190304635292,-0.9682400079954588,-1.571891651071135,1
1.1593465228259103,1.955651821895878,1.4768452531608114,1.7775905147837916,0
0.7644035222881936,0.9338419028476997,0.8814878104299623,0.28802190233922875,0
-0.9527240091380158,-1.1627033241262204,-0.421923640773326,-1.0747333405233335,1
-0.8407482110323535,-0.6540094860170997,-1.19443649991514,-1.3267644175917046,1
-0.6694978736218258,-1.1899226470693198,-1.3177179709523128,-1.5145633897408994,1
-1.2390222718749322,-0.8431737991385104,-1.0359382670900998,-1.3792622521665177,1
1.0571255494655305,0.8314748796522717,1.1631900573898408,0.755676110669116,0
1.2679192042062843,1.258282138614296,0.9084814503140458,0.5797764048622464,0
0.2795127557048237,-0.8743750614754278,-0.6261843656216599,-1.0114799536977297,1
1.6340519351875846,1.7298213361999724,1.407689398826061,1.5189121152535745,0
-0.411063772369194,-0.2949172383783268,-0.6753301754897713,-0.873948173042738,0
-1.010767623642575,-1.2679106148992054,-1.6267747052810853,-0.9236341464401204,1
1.265956592885904,1.459450695606254,1.528098746852655,2.231544971642639,0
-0.8053170864327873,-0.7572495068948362,-1.031985310489783,-0.7346413844788919,1
0.8449476624941576,0.9863029118138609,0.7689819352430668,1.4479581900204752,0
1.2636148714506321,1.7233699983340318,2.1086570747908415,1.5345187503901219,0
1.8870277376482063,1.4986818868261422,1.2286333538528036,0.8737286998930947,0
0.9552491391670556,1.5669164937775373,1.1385662136390446,1.2832630513116985,0
-0.6787187833713374,-0.1932054436852245,-1.1479953361715811,-1.2493148164045451,0
-0.9695761908492604,-1.0679032915264002,-0.8140110669913084,-0.8677923139852006,1
-0.6867737020867194,-0.5900024713954497,-1.0968194747410331,-1.0756793837389205,1
1.484947822726418,1.5901614262284935,1.5974453401502924,1.3385020564273633,0
0.1485718149911344,0.6384290568508602,0.437440436383219,-0.2216821845485362,0
-0.63893215996361,-0.6922471580488995,-0.6357405927502848,-0.6245652967279531,0
-1.149291525402906,-1.325590508263661,-1.0241310024971375,-0.3907441143641439,1
-0.495296250878569,-0.3299895806520157,-0.651491345101464,-0.5475711254908255,0
-0.3839757251712502,-0.723527887533216,-0.7657097816891651,-0.5760701633609743,1
-0.0934219364789892,0.1031957632903937,0.0152019199861787,-0.0899283714972543,0
1.0041232944760985,0.854221580976459,0.5465233940929082,0.975376671833947,0
-0.4746624063615719,-0.7199664623669161,-0.1219972398378705,-0.4281971569900522,1
-0.9477803806923359,-0.9428411186870373,-0.4091740047804128,-1.434666501182297,1
0.3320956847051196,-0.5128084372194471,0.3072756968393861,-0.3814843450177838,0
-0.4355200498167373,-0.958978156180532,-1.2190315901276745,-0.3265444967289669,1
-0.9520882424772956,-1.185895229744058,-0.8837528666548584,-0.7173442173014666,1
2.098978623137984,0.8958451115466648,2.2837300078887304,1.4657854189522237,0
1.797494468074743,0.8825991428602296,1.713805158992767,0.2373879423217004,0
-0.9659341140846003,0.5197638196271732,-0.011348978203159388,0.14576922963245087,0
-0.745782988146377,-0.8047381967332846,-1.166309271788014,-0.3553136634581997,1
1.6033708719096895,-0.2783831681994518,0.803728367281736,0.6110179267350697,0
-1.0995261310348916,-0.6706844857622034,-1.0750109140128696,-0.4960523640197057,1
-0.319402428297207,-0.3195564201172486,0.1883960304778542,0.5593018368688023,0
1.396082165304152,1.3619988841219857,2.0585619116256333,1.8693905189316185,0
1.7638286801084442,1.3917723665801165,1.2902711901241912,2.2061282648016243,0
1.5383456506581208,1.8919133949697615,1.3566769817829758,1.3561748683264248,0
-0.1583678817134602,0.2786327641956843,0.2760964908562947,-0.3543705248196649,0
1.4913934704145604,1.880269213761008,2.450709998934796,2.0968330411599587,0
-0.7806361096900696,-0.3920118561207175,-0.6408103852038458,-0.8270003022795641,1
1.6367845842827458,1.5257500480058837,1.97194668414165,1.8577347442039072,0
-0.7940824921307092,-0.5637852323809813,-0.424301686672738,-0.5627228342667538,1
0.4740159511163014,0.704307484694751,0.9208133011770516,0.5471522780142195,0
-0.950846763598818,-1.0524139021797336,-1.3759499240167223,-0.0856715218312144,1
-1.4816882429139389,-1.0496564309430316,-1.1111041981756906,-0.7474658459786018,1
-1.0322088247048846,-0.882408689891327,-1.068151491161232,-0.8619081630147812,1
-0.8976834154717807,-0.4113952196504624,-0.8529680368224835,-1.08869109300639,1
1.261810369049218,0.8972674646948318,1.3539010466663832,1.646892534955939,0
-0.9039451614609688,-1.6984690777098213,-0.9171232084072009,-0.488047682061992,1
-0.9817817573440986,-1.1746461986814287,-0.6442500268339262,-0.1966041274972286,1
1.4486534604000454,0.8603935846345263,1.2760137919909949,1.723046240057681,0
-0.8456220399165475,-0.872443587112671,-0.5719000073641397,-1.3377845794737073,1
-1.84312536143424,-0.9847596850112144,-1.2219776367066928,-1.2319469830319467,1
-0.8433189837610786,-1.003942637868522,-0.7660614926065754,-0.480919629793498,1
-0.6653818945239326,-0.346033542158988,-1.0069917413440364,-1.6124800985575949,1
-0.1938990808502044,-0.1005328034309077,-1.1735794109838782,-0.7695803407151538,0
-0.7789763284837401,-0.9587716145572452,-0.8167426429959397,-0.2764005451724201,1
1.2960486855243083,1.273578423410473,1.9618068559136697,1.3653176144999348,0
1.7040840273892517,2.365553853687106,2.17118309188715,1.5334444887585186,0
-0.7165112519841395,-1.157967194252881,-0.8276630959559412,-1.3233359902811317,1
1.0978709082710498,1.7630924707922728,1.4757759667246289,1.844044540352732,0
-0.559994401847322,-1.5685712657601716,-0.6436098232038426,-1.0387060014509797,1
1.851289561536268,2.2739029592566933,1.3649441493960208,1.1215271622363094,0
-0.9614851722298852,-0.4887743116366204,-0.6290964823003906,-0.6584269771679667,1
-0.7586447318418831,-0.8465865382236776,-0.8568240979967683,-0.8132123603199206,1
0.5346299102537622,1.4987995074353822,0.9894307513071045,0.8808919441624413,0
-0.5545660561244146,-0.5953629709450854,-0.5600146630926349,0.0540116277275717,1
1.2050885846115376,0.9585422022334318,0.0714926902376271,0.7491865834327495,0
-1.0258470242097348,-1.4270685795527684,-0.9959406529179312,-1.022468417554951,1
0.8537870941164087,1.5316587066413871,0.8557361177749223,1.1791772475267053,0
-0.6332270417032965,-1.00173167061029,-1.124745271036546,-0.2726626424002808,1
-1.364754246737831,-1.4006868010711013,-1.355752333116194,-0.9649347500133157,1
-0.6594811655087819,-0.3610283129283235,-0.7625775557078093,-1.140807549407607,1
1.8991706973684568,1.9135763931190493,1.5728959199261454,1.8416592708021984,0
-0.8718705642032383,-0.9770444984048726,-0.759710333508553,-0.7017460735356552,0
-0.6436512919141323,-0.9103707428414808,-0.8280660140490429,-0.9636179635533622,1
1.7733628056804638,1.7307852221335631,2.8617741462285453,1.242866331476103,0
0.636161072460274,-0.4602579873568396,0.7680132303522358,-0.07298829301428,0
-0.6986341906794759,-0.9130780192942138,-0.3951462973432582,-0.4206231934379597,0
2.04550530699656,1.1553062323968135,1.7408814770125962,1.0460644677992708,0
-0.6514204047683498,-0.7203472269690607,-1.1694866822888512,-0.7162989218276866,1
1.8362532640204727,1.6619731230207,2.448562853202891,1.78953669133308,0
0.6699441935795492,0.9701009481622144,0.8969985813977939,0.9025403665652276,0
1.3336955059280855,1.7766296937015895,1.827126233040008,1.7872743849160613,0
-0.7237498404333815,-0.0922470613086927,-0.6629114653447832,-0.814241773942464,1
-0.9135851253662202,-1.6085960117843017,-1.3095828408562349,-0.4931235630196782,0
-0.9853422625693102,-0.6039066645922878,-0.59358971639526,-0.4326184857497407,1
1.603088364390702,1.389018562250766,1.5685503268610173,1.6832540826371734,0
1.2163591798511075,0.9079491143863868,1.1243654759352184,0.8492983495969071,0
-0.7367013307783798,-0.5740683350472352,-0.8933424212226617,-1.1055474985381435,1
-0.7779704935101266,-1.0406036419176403,-1.4449060097577389,-1.0378654825806366,1
1.5231387861339627,0.9855133373080484,1.2179605909767095,1.3135791039789306,0
2.2656333412265663,1.7002640131593985,2.1798865725466934,1.8187054288802773,0
0.0447150730713657,-0.7905684429485279,-1.0099256947660802,-0.0948715099017825,0
1.0393170634154818,0.5732518895917448,-0.1644885785365195,0.4025143443770643,0
0.863295674429142,0.9645050928552692,0.8648402725064164,0.9172293067279872,0
-1.3586146400608925,-0.2377935434599984,-1.09927670981436,-1.115563533214758,1
-0.33884516094357586,-0.38084444126070194,-0.6287078764760831,-0.7914604480843592,1
-1.0438108698503623,-0.7454192169211534,-1.19618412925589,-0.8992772703927352,1
0.0209903195472436,-0.1582653853343217,-0.4479832725595598,-0.709076947868056,0
0.5352666329298054,0.374952316737691,0.585834792106058,0.3960672880327721,0
-0.2420940881020454,-0.2301401079356634,-0.4049801465047447,-0.8840317832395511,1
-0.6277989841557119,-0.4989481984582615,-0.2052472676441944,-0.6579577416920535,1
0.6339378614838148,1.2668653804171226,0.4339771232463809,1.3362039446763283,0
0.9065449570879603,1.0832980963016607,0.8356507575353399,0.798316051301863,0
-0.8441500292092461,-0.6635064528252023,-0.978691767206206,-0.2979978224699841,1
-0.879797397093848,-0.4199209947364009,-0.0900718860980175,-0.2598758819840825,0
-0.2606998526550381,-0.5364778903779004,-0.811634164527883,-0.6989674804902317,1
1.2158668939384445,1.1252595889537291,1.3155107799955106,1.3424524069157564,0
-1.0912049639429986,-1.5366607670135517,-0.44859064837275403,-0.2731319556817474,1
-0.5081757301751628,-0.5309611945683688,-0.6051594267981202,-0.7759905817562769,0
1.6236235635878966,1.4161909412093483,1.2118636467625583,2.044233018822244,0
2.006548522034145,1.5490752019299765,1.862659581214085,1.4807114774764247,0
-0.9156500464655823,-0.6105959286596354,-0.516026864524821,-0.8477120241042349,1
0.0330106969040056,0.6192960351611245,0.1409616271648199,0.1180149504242788,0
-1.269717332858303,-0.493535290664256,-1.1004047049393617,-0.7987376075965582,1
0.0971265696978283,0.1835068264227037,0.1653509211430728,0.4356737963541877,0
1.4042998320431281,1.7531348031590053,1.4413001619167427,1.4207669687446467,0
0.7496432458060639,-0.4155915896271507,0.107627262396481,-0.1696809563668516,0
-1.111422588962966,-0.8704048481332057,-1.5251577382666652,-0.743654109493962,1
-0.7911727674182152,-0.4359722436279414,-0.827992373540856,-0.531502040894375,1
-0.3322630149304516,-0.9474703356045282,-1.0256889308629529,-1.7005589328066533,1
-0.4722704554145965,-0.8187040867523263,-0.5776878504762666,-1.1120762972285947,1
-1.4311117501853243,-1.109424170990983,-0.5825224799170066,-0.7498745538566651,1
1.134431225459723,1.3307658665567754,1.392017190590357,1.2613614392962078,0
-0.6409877618289909,-0.350626034754459,-0.6649847053733365,-0.5110251007496852,1
-0.5431409640190341,-0.7729705775145529,-0.9071903030342268,-0.3323941954055149,1
1.2410716310810377,0.9412334182801774,0.8049468783832112,1.507030743357251,0
1.4503314891143912,1.6428170443586476,1.5077045071876658,1.4427439977818486,0
1.096836596282056,0.8293051838780044,0.2162851961124534,0.3276223345020382,0
-1.0475109936653677,-1.4192492865466049,-0.876751311234426,-0.8216168651622215,1
-0.4778267721502677,-1.2556919536407911,-0.7696455608311278,-0.9925109737355995,1
-0.8266266783369689,-1.3792197480424533,-1.0891047587599516,-0.718133928754646,1
0.7201264857331384,1.3592183264997575,1.3382249488752138,0.6967241058380086,0
0.4786704876850345,0.8079065943017762,0.5441513531151719,0.8638335072668449,0
-1.3139996043207125,-0.9626539444491276,-0.917923054224175,-0.9213843398884264,1
-0.7827134147497438,-0.6886734939957578,-0.4512604311976533,-0.8047203741092576,1
0.6957746665242052,1.1074372665812318,0.8221376418062462,0.6961829595224044,0
-0.186534802364803,-0.2103785917623514,-0.7615892145269256,-1.1525406127711744,0
0.7346002312635332,1.3145305385624184,1.5352390761360306,1.257398627272772,0
-0.0479704463551295,1.0495550981528163,0.7293424014035886,1.7101622872542963,0
1.004186622223109,1.6195041091877416,1.621991157171525,1.7997202686497973,0
2.2723574209900965,1.2142211070894824,1.708180338187976,1.768446885902596,0
-0.5433939986346771,-0.6326339571456039,-0.7907136305377259,-0.811997063140308,0
1.8209063495309623,1.6585716178339072,1.899681623239811,1.824262948013284,0
1.196578222200695,1.0529269409064526,0.5132152896239126,0.996140613184741,0
-0.5823117209685187,-1.2726413909412335,-0.4717645440627292,-0.6554270711344862,1
-1.1069893636477903,-1.1867656655550496,-0.8969246019323219,-0.9810909687297398,1
-0.9635784516807302,-0.8387823491588212,-1.4125249220752856,-1.3843980512321643,1
0.9844131330840956,1.2017259050326756,0.7649477024530854,0.8484585087785437,0
0.910268687157588,0.8159021144218597,-0.0190466899591865,0.6197726758043748,0
-1.0950158339098206,-1.045515139443333,-0.0892346492686391,-0.793339115895414,1
-0.42561270129398787,-0.5486974485719776,-0.7462654794795888,-0.976117669045938,1
-0.2865337574536413,-0.897059398601077,-0.8781428161880417,-0.2741389613546694,1
-0.8670123750436118,-0.6523212281094579,-0.5617260158766297,-0.5329071753833143,1
1.0824454160659662,1.8592918656442343,1.4073008223609036,0.9639293253165706,0
-0.5385822211365171,-0.8653063136001264,-0.7224809520019829,-0.9310968674053152,1
1.790699943817744,2.066866198091867,1.8144895853813023,1.8393620624935307,0
-0.7835326777341072,-0.7238668318380456,-0.7320850519588284,-0.5284861986946698,1
-1.633523418891564,-0.4764604228125574,-0.7983846117427004,-0.3601180271598184,1
-0.4037219803463261,-0.3908649484347324,-1.3023908472259094,-0.5235023618733452,1
-0.641274224540727,-0.6013752271739224,-1.2517055482090742,-1.347196379055179,1
-1.549562968438825,-0.5731390708033403,-1.5809859105460875,-0.8264497327565826,1
0.9786819851287166,1.771685949309627,0.9486045198593756,1.4569197370683025,0
0.6805919361774413,1.7817861897725131,1.50923028616862,1.0446360353677149,0
-1.3349522033782342,-1.3191805927556395,-0.6993827052861623,-0.9905360653711466,1
3.05663971372695,3.38607208979294,3.4201614737699644,2.2706828082715558,0
0.5631577874074895,0.9806238125078164,0.8613527004131615,0.8392802558144049,0
1.605185074502572,1.62757607728218,1.7288351195206904,1.7968108333918411,0
0.6735627308004322,0.2915585876948423,0.966630841825055,1.1117821767719982,0
-1.0272846523443586,-0.9385708022054704,-1.0549406212910004,-1.2981211751898885,1
-0.8877011906743514,-0.4950626231577327,-1.103742017673604,-0.7619260738696527,0
-0.6662129312399504,-0.9877575719317024,-0.9799787352026909,-0.7294240997087279,1
1.2380321133752747,1.6590076054098026,1.1843760671801178,0.6633362429517248,0
-0.9175542575464469,-0.9105757082214183,-0.722120154914295,-1.2086758210872695,1
-0.0063745302722195,-0.9994441144697992,-0.7909491473417312,-1.097740784538632,0
-0.6664115928815462,-1.0696387830783876,-0.8389093755668402,-0.94795810526901,1
1.4788174717087847,1.659774668986641,1.983301275892864,1.7734429997802554,0
-1.0094218829643866,-0.9303536049837766,-0.9433858301773862,-0.5392981751930002,1
-1.0590494584662629,-1.2404869436874717,-0.9247011659849343,-0.1058843006671994,1
0.7306425709395851,1.501072737231713,1.4519093375383738,1.7931835356553094,0
1.388539400028843,2.088868016999153,1.000697608764306,1.8227257102435412,0
-1.0712932464109,-1.203504300994194,-0.6333965577026829,-1.1023197981371595,1
-0.8644713482434436,-1.1002158014859686,-1.0104209373223951,-0.11388762834899757,1
-0.4972755727539982,-1.2713006338782018,-0.785170232644733,-0.5039057504946981,1
-1.0247808114252932,-0.7390394291163351,-0.8658543783028483,-0.4296282288734626,1
0.8295729266523796,0.0760340819319136,0.6583004366864648,0.1210509952887369,0
-0.6799356926946005,-0.6552431971258604,-1.3712366865063,-0.7963427265217198,1
-0.471002069449997,0.0207476012625876,-0.811679046366743,-0.6159163198874341,1
-1.026716089128712,-1.1133677374523234,-0.9688011493390852,-0.5633395834489379,1
-1.1439322398938352,-0.5194977515243167,-0.6931266250467517,-0.9534538357811212,1
2.590047535026504,1.3165570782537404,0.9786364688170526,1.5379998436637807,0
-1.2322568553906248,-1.1839930661331914,-1.4642549143928667,-0.8412163398101359,1
-0.3394104131763242,0.3377394263213615,1.347685806859138,0.707933502901684,0
-0.9458057876840584,-0.6375797513807329,-0.7268997389378714,-0.3516709901606514,1
-0.8559738310339096,-0.32952242935669074,-0.6303648245591028,-0.6042745950744621,1
-0.9629377524150069,-1.161348351180877,-0.8420098394342694,-1.0240637124295633,1
-1.1647987792490353,-0.9728390204080464,-0.9135463034305092,-1.852241094558204,1
-0.9216809003323175,-0.4514100890894181,-0.8648356672330626,-0.7357005340286891,1
-0.7521381728331608,-0.7148308155192514,-1.1542329460465046,-0.3892790122442267,1
0.8214528306348057,0.7928648745310418,1.0605432688576502,0.9526090958945428,0
-0.8125876349256467,-1.3081431212833297,-0.9436953539989288,-0.6341585295975563,1
0.1338339343755843,-0.4667537311863722,0.4158010133862052,-0.1975696814719493,0
-0.728380231888412,-1.2316768580651123,-0.4271063228678338,-0.738950814576371,1
-0.9891009920450335,-1.0071248169524891,-1.4305750654259062,-0.1850239767003529,1
1.6815774497242075,0.9211228042070084,1.293354614400061,1.6848216390464603,0
-0.305549186266412,-0.5331849125682978,-0.8484969638200655,-0.2879348091660073,0
-0.2918757565150263,-1.1029758119729318,-1.0594870025418606,-0.2846087272368718,1
0.7587562202937568,0.5259388960353327,1.1722181823701383,0.6482628488683531,0
-0.04241837556136774,-0.8691695339020873,-0.8158886696826333,-1.3394482915423809,1
-0.344084514737004,-0.7142614227462718,-0.8604750698274884,0.0870912264168374,1
0.7633341546014546,1.5878194565227823,1.2768969292521097,2.148652716884023,0
1.202749048766846,1.4435331993324738,1.3981167044760137,1.1486665548632302,0
-0.8031487558053569,-1.2105424923095516,-0.9004545540461976,-0.312136497560596,1
-0.37679226716494857,-0.23405043512856794,-0.3910359705223933,-1.211288845966565,1
-0.4211620473155709,-0.2693933104424169,-1.1146945397735173,-1.070536249610892,1
-0.5717682860384283,-0.9850751627571436,-0.4536713523446291,-0.9648889651249234,1
-0.2443951160255418,0.7380630313708741,-0.0063160117637175,0.7259334370918049,0
1.4287709398083952,0.7561218396478002,0.9261558993921232,1.1938755406744774,0
-0.2469096281360436,0.9431876992347328,0.1668076538063527,0.8683832802880938,0
-0.6293372957937323,-0.8969585667492572,-0.8060210877189791,-1.0802519607459855,1
-1.049084188639784,-1.0447957180928014,-1.1362693973660245,-1.0129512391823543,1
-1.2832105590082472,-1.579450214330503,-1.0623353046836792,-0.7606143743235084,1
-0.5297518000426574,-0.2409874321466224,-1.2401534938835783,-0.8185368496120516,1
-0.6800027422143352,-1.374742496419597,-0.0907513723525311,-0.8639288259893756,1
0.8999138811209061,1.0641464701309566,0.5767077585191442,0.5551122210203994,0
-1.207217537207098,-0.2904866557162617,-0.5857750748803044,-0.8866224920507628,1
-0.7568024927514374,-0.8287695546299071,-1.4034756763924443,-0.3570327703562077,1
0.6015346796211583,0.9519185960506998,1.0961151273093868,0.6718371375451442,0
-1.2134394083179194,-1.596823313885932,-0.493264065165027,-1.0767676214939346,1
-0.5882544704412294,-1.0160999738279974,0.1838780106729842,-1.1733940677688346,1
-0.695683814857309,-0.5972426819153052,-0.8381224722257896,-0.3959387749829858,1
-1.266252597269954,-1.0869022164347226,0.116101368676183,-1.1983868661742112,1
-0.7904874632819231,-0.6242366213459765,-0.8890177623504076,-1.4355983616531258,1
-0.2124917208050301,-0.6850527418276835,-0.5891944470149789,-0.2973966826895143,1
-0.6211068144961673,-1.1383752819871846,-1.016671592640856,-0.3562114856766995,0
-1.1929141288949183,-0.9250286265191796,-0.4297735452246918,-0.5120368428455622,1
1.6676158968097496,2.1935808173273377,2.079969681531034,2.037722106244755,0
-0.3423690722990911,-1.0966326850035406,-0.5846878813598482,-0.888401908317936,1
1.9990410477146872,1.9624986240644908,1.4757951579410962,2.3154663000855145,0
1.1961520610464575,1.9474016851434577,1.089212017728922,1.095098379109729,0
-0.13963000503611844,-0.4376833696883131,-0.7014428593751838,-0.2758065263662769,1
-0.2788841917109887,-1.2791353010076585,-1.116574927590113,-0.9235273390667216,1
-1.2098126943012892,-0.8680165856559307,-0.7421691294222318,-1.4196313139530925,1
-0.688124349501199,-0.5385132265834942,-1.3251429067129386,-0.7015674404850926,1
2.3409302213230685,1.8917808073645388,2.104847536055946,1.6865329407400942,0
-1.0396604922316892,-0.5758572417652041,-0.455943672049416,-0.5965734458744439,1
0.4829490042828828,1.7807151862413118,0.6345749100230265,1.1866956503318316,0
-0.14357337099072653,-0.7765874963864606,-0.8289642049073813,-1.1922045435280948,1
1.4876793242571291,0.4744037164461904,1.128189306326043,0.7784851660191782,0
-1.276780913225455,-0.7410172374691588,-0.6086480454137012,-0.5814355543304595,1
-0.1597082227800358,-1.2087518295635895,-1.3398607682961234,-1.076488351198135,1
-0.1551650125117643,0.423508607884239,0.699164700247958,0.3816122465176866,0
-0.23310777097950108,-0.864809052405978,-1.1344575281431748,-1.1447228040272686,1
0.3699422258763638,1.200153015621444,1.2578008302968302,0.9383602981535332,0
1.0486882486450373,1.0760357893807062,1.3880360024898872,1.4263021557803492,0
-0.933999370313243,-1.37709909545919,-0.0936916016251175,-0.6280949105613899,1
-0.8821936748217796,-1.1461891772906296,-0.3400287886107688,-0.4925937672076845,1
1.599924398178418,1.5091412282878485,2.334220477241784,1.958612532481632,0
2.395216747632222,2.021943019163096,2.2196503562424463,2.0649328405744964,0
0.038619213741858505,-0.8266730571743034,-0.3148673703812612,-0.6297292026885091,1
-0.11314964107733849,-1.088031554146085,-1.3097975471625491,-1.2497708410315167,1
1.698566734649802,0.9419259855612104,0.6893187916220792,0.7362657329249389,0
0.7158152716447123,1.0240043647267614,0.8293559299827318,-0.5027900450520489,0
0.8752287721909605,0.4849882458697002,1.330526847028748,-0.0701349401563966,0
-0.2989853476836448,-0.9224832445837744,-1.0156518300803263,-0.9886057944126064,1
-0.8442509589007648,-1.3798082112039998,-0.6852912155301467,-1.0243075949753968,1
-0.2388234006486799,-0.7438234578765814,-1.7771367217720295,-0.6756763122313542,1
-0.8789956787077121,-1.4255669188035744,-0.7855783984463127,-0.8482147054086169,1
-1.2399002365483698,-0.9271507634982148,-0.978559181281942,-0.66744510982403,1
-1.1174960251639772,-0.4505803004954992,-1.5951803219811864,-1.2459772334176338,1
-0.681605673292496,-0.7670378721519828,-0.4896480772609037,-0.7648028319384108,1
-0.3361977830424967,0.8461543752327708,0.7699513916533149,0.281490542644113,0
-0.5658770250760055,0.2893098603045243,-0.5321834118363796,-1.0968340761900266,1
-0.9020871982911204,-0.5034555549328126,-0.4007179073549096,-0.9365789440727058,1
-0.9262729128346427,-0.2827548527167358,-0.6532141099771067,-0.686267738550471,0
-0.3504998319343197,-0.5238574462645196,-0.5913300145410378,-0.7050591830854718,0
-0.6719968984030229,-0.9621802896480464,0.0856322737999713,-0.2591755856908754,0
-0.9212762556837044,-1.0309470775014196,-0.6646734721169748,-0.6673837378167177,1
-1.3949926007218596,-0.8910943137380062,-1.0129619220927433,-0.80096093717036,1
-0.3266803145904153,-0.6028244147261461,-0.833207881204188,-1.1422478640813822,1
-0.8995033054731048,-1.458935304995467,-0.9738223188145816,-1.161016066620325,1
1.3368620911051692,1.9068795809427201,1.4385719181709593,1.1984169699733653,0
-0.8482202091869095,-0.8152517299521285,-0.4146685857854164,-0.9008194951285036,0
0.9862689611250702,1.6944493726387777,1.6081840681141024,1.3043172594126502,0
1.4245527018945203,1.4899104901073408,1.5840045821461444,1.531918941067747,0
1.0190338163740311,1.4442760975642457,0.8068454625842083,1.538007111185438,0
1.6592930741441592,1.7469849906365804,1.823166868224386,1.4024935190558872,0
-0.97214807528583,-1.2379851304622906,-1.1179919545955468,-1.3559952720711017,1
-0.8029111669226201,-1.5109881034526924,-0.7491224884153104,-0.0064487513107279,1
-0.5843256185037861,-0.9932300713147098,-0.5788276389135848,-0.1281554323031861,1
1.1349223172987497,0.8091886163091534,1.859720300705114,1.5416798005694912,0
2.096967429781857,2.006128824386564,2.298475939519556,2.131969040938329,0
-0.3795785779229896,-0.7669666111982749,-0.5924154293334523,-0.7952532195866183,1
1.5539780144231723,0.8317378767800199,0.648785950105172,0.3740623098878033,0
-0.6705570952668214,-0.8910674895512998,-0.7576360791453308,-0.9204079994801406,1
-1.397013041433083,-0.5821327170441328,-0.9205879122982876,-0.3926829720326174,1
-0.8909018706403646,-0.9804859723383852,-0.8195298848986148,-0.232638232049598,1
-0.8222591570238951,-0.3885009594129073,-0.3987336161824216,-0.4848239320977491,1
0.4226773524566741,1.158709779254996,0.5030922152305707,0.3721788149664067,0
0.34023623183606155,0.7834452052369955,0.5260260063479016,0.6632635315436065,0
1.2636277600304036,1.6277741062268847,1.0961971824662267,2.0886467459780316,0
-1.1057674380040945,-0.9354712891401636,-0.788249967450836,-1.0741216544625392,1
-0.7655712236081134,-1.268426790077861,-0.4984007275185397,-1.3203179079227874,1
-1.0257320733337951,-1.1106078199291844,-0.5014911379419955,-0.6494742222594103,1
-0.907648350619306,-1.41828108127872,-1.1244834457353023,-0.6291930486272798,1
-1.3030370884312428,-0.8083725133071888,-0.5323417331684179,-0.6806814445633658,1
2.1353459274639297,1.7748925012628638,1.7463870183680927,1.8942987924141133,0
2.1029237084035004,1.6023331030696222,2.075094080519812,2.001925007031488,0
2.469320800084399,2.0791162696688072,2.05924639891922,2.076928563965027,0
-1.1807124043881965,-1.0285105606416545,-1.5642337577577234,-0.8150602665855948,1
-0.4866511077743,-0.3428719274501479,-1.1329566425993245,-0.6577014273554852,1
-0.6635853466091449,-1.7431878917464054,-1.374514717346289,-0.8685662905491635,1
0.4749691330929954,2.199720049002746,1.2775834333986682,1.5720866604231036,0
-1.0189237027662754,-0.474606734181368,-0.2563983887076625,-0.6333999072010538,1
0.6629727493042381,0.9306294985213628,0.6320410278893366,0.127124053204809,0
-0.8589476361669239,-0.6848108148234936,-1.201109018088183,-1.2583140280507925,0
-0.8041391137182207,-0.9518899691313707,-0.6022100752646093,-0.6972772732016677,1
-0.8337876146818692,-0.6809286461237474,-0.6502034224017792,-0.6709114725262499,1
1.1094363846472537,1.358439027395569,1.3919434199749197,1.4345299977998804,0
-0.9818679856788188,-0.9817857262537939,-1.2869189879523601,-0.5644982131567975,1
1.5574078871106458,1.5563129574588,1.6581383558693443,1.6689016082233046,0
-0.9306415190413314,-0.5498406979374026,-0.968061686339407,-1.3978418277065907,1
1.1364709769881196,0.9251068326956412,2.1585048119364663,0.5541473126287616,0
-0.8754177590420031,-0.1877389288628949,-1.038683938313801,-0.1993522697538505,0
0.3239023749186984,0.3999222373234609,0.2894969089425772,-0.3725241146566652,0
-0.400602987623591,0.1826084915930291,-0.2410927855952,-0.2712454764529288,0
-1.230983480278928,-0.7528825736462805,-0.5832890005208532,-0.2783655094890485,1
-0.5135806179091444,-0.7500057467134593,-1.2482185684911191,-0.7308726294369836,1
-1.534192713784364,-0.904564387205281,-0.2318223918678286,-0.666139914014859,1
1.2505461131438471,1.0831499019937194,1.459807392380631,1.455446977171818,0
1.6984820297530268,1.8944324887589756,1.0787752517812692,2.0973627969039814,0
1.7255817528489985,1.4153232828212885,1.2331797927143004,1.5087988645735209,0
-1.072830754699546,-0.8191107910190072,-1.1163428747265651,-0.7113498072015371,1
1.032964808741612,1.8713744962360923,0.128720321133379,1.6105494947611765,0
1.306096816728081,0.4657955151393906,1.0455458847172248,1.6155279069713029,0
-1.1418068160821064,-0.8294642605994068,-0.6069566064763015,-0.5475577173869226,1
0.8205460448927541,1.5963760734638734,0.872089214645504,1.1588345796665118,0
-1.0117748669283508,-0.9398045416118778,-0.8967808433350561,-0.8097390379146892,1
0.4622585366551528,1.2843097223756723,1.035538545236152,0.9566802232849728,0
-0.4961912301342078,-1.369846602209353,-0.5109654172681697,-0.4898111683789196,1
-1.2226810059560893,-0.5380627087420237,-0.9461233390010602,-0.507678532292045,1
-0.6906849625930154,-1.3478061971007704,-0.7798007895017546,-0.8922179925081358,1
1.136911491718181,2.22658197650902,0.5847391218017335,1.2619170523102805,0
-0.701103826109947,-0.8028447333830897,-1.0984964371578303,-0.5105713371146612,1
0.8152057308871598,1.4063282908316324,0.9991906543840364,0.5257212355068019,0
-0.6229925745690794,-0.3131536536601403,-0.601406275308858,-1.1873350021912523,1
0.6565508290680103,0.692291745001966,0.7547680484824378,0.7488603133073958,0
-0.6073014524394644,-0.4231359834002346,-0.7019758643024403,-0.7417468056011361,1
1.999311386682033,1.4613378592196835,1.8212597243054216,1.7721473119377509,0
0.535701693923382,0.942212494218904,1.190227531525685,0.1899947483887469,0
-0.650072468919134,-0.3044509328293396,-0.9915687331443572,-1.0029944906222592,1
0.4551247165413196,1.543841996545168,0.5130910937241417,0.2488225641515085,0
-1.273886372996334,-0.6222494689849851,-0.4545754794461817,-0.5851018104421586,1
-1.2872532550531028,-0.3574195898453166,-0.9959768187882376,-0.5523244871562197,1
2.5325939723433626,1.793871323917969,2.104395824042504,1.5216026710408483,0
2.042903965250926,1.0693848521077165,1.9325284658403572,1.5481098666090862,0
1.2890330032807975,0.970508345832167,1.0233782675006369,1.1020950589552592,0
-1.340022264862096,-0.4080166596169983,-0.7878269136742819,-0.5350020009852874,1
1.2214323603996582,0.8676738206637816,1.0527387878137526,0.0026798374714477,0
-0.4528633704963932,-0.8857328603474925,-0.1382153789144484,-0.6992331941497912,0
1.7208251868544913,1.2655947202848778,1.7066691301274308,1.83729254771507,0
1.0946818487552756,1.9746989252555465,1.6610569749901298,2.1909207985864616,0
0.8044205416438903,1.4443727933676271,1.739708914813466,1.750893872058652,0
1.347129197142192,1.815764016517576,1.3937110213826358,2.030516573601322,0
-0.8326244175061533,-0.4358423671169136,-0.7821183301268758,-0.6300343478199171,1
-0.6332412890029466,-0.8041204753763109,-1.2992028936539814,-1.031981029597243,1
-0.4905111193042804,-0.7768760635942991,-0.5740792701682884,-0.1720064532239529,1
-0.2952580020485479,-0.9395918704476122,-0.5300267475987555,-1.4632486920298329,1
-0.972709530263702,-0.8609941434206807,-0.979800374542565,-0.552357805852925,1
1.1248333232379049,0.9958888394764016,1.0836242891544046,0.9384774658571068,0
0.06209113765084473,0.20005983984214704,0.8380840217534862,0.8510936254065039,0
1.4030004119109694,1.7256875744276414,1.2358376639453497,1.6524797628797965,0
-0.93969270331501,-0.7982251989831367,-0.6553574069310686,-0.6836144345999732,1
1.0534512110383623,0.9213872860132246,1.543332848147188,1.237396222400164,0
-1.2895939163682169,-1.344988186441049,-1.229548777627716,-0.7281322051691157,1
-0.4014357827572739,-1.1148569621555178,-0.4360755623862185,-1.0206559548527756,1
-0.4693974787326045,-1.118720095130324,-0.9176552113319004,-0.6968773816985314,1
-0.7539534680836485,-1.1275162087823656,-0.5091385273771981,-0.9560481458654124,0
2.3761267801326693,2.052325403878966,2.5721186762195285,2.493414928919373,0
-0.9365277061806428,-0.3423151243264117,-1.104786508024135,-0.6640595092431485,1
-0.8014104713145562,-0.7645678489313927,-0.9005316022911725,-0.8109942811355417,1
-0.7198584096548938,-1.1646156949838795,-1.1499380327442528,-1.122402360123289,1
-0.8133174688024989,-0.7817984147732693,-1.3242613186350354,-1.1371618847577198,1
-0.7746953306910637,-0.9013185391025824,-0.593045655548333,-0.8177232717817372,1
1.7347215269293634,1.768249280199389,0.6943285630284048,1.589702245208568,0
-0.5765219861055813,-1.0420073562848662,-0.9136639863393564,-0.8075127078360025,1
-0.4684675051115168,-1.0103156990675752,-0.9186253550951522,-1.444195667780109,0
-0.9224556589439264,-0.2073877869091941,-0.9033861711653904,-1.5639339605816225,1
-1.1868927196263184,-0.4656973232937134,-0.8406995436948519,-0.9748928629036058,1
-0.8249012597831367,-1.6910063748252613,-0.8534853979853,-0.4376030182900771,1
1.150127474265258,0.7006984579733743,1.1840243620274156,1.5374225826071826,0
1.5186952009100192,1.020193028572492,1.5798072350757044,1.485086478887716,0
-1.7783154474560505,-0.49106298200907783,-0.7988758571263379,-0.571617715283482,1
-1.0900297117747066,-0.7233974247872135,-1.038248937641001,-0.8808919137916351,1
1.13243287782254,2.055948367626073,0.8819583634879917,1.72717178894979,0
1.3796518803587758,0.7746365057125563,1.4584757700999231,1.0815182188684984,0
0.0914327665091042,-0.7351212926841574,-0.8383949207289381,-0.8867159122129734,0
0.0836257161688982,-0.6151665772395571,0.4351565921426926,-0.6246660787524878,0
0.9432642641801896,1.4044464263587049,0.0826433139763712,1.0981006730467993,0
-0.7894615166893567,-0.6139591583803643,-0.4264214973424788,-0.8272394446735373,1
1.3972126324151577,1.6434280627995428,1.3439856942033892,1.8305180760353772,0
-0.7227003355048582,-1.3168299417403058,-0.9894747867012126,-0.7859615271181646,1
1.560082344768028,1.9544231207833804,1.617093914443593,1.6372177618594397,0
-0.5033340384199039,-0.5325021752016365,-1.132588788474031,-0.3105957696785217,1
-0.4435241960987387,-0.504347487265216,-0.7983921609776828,-1.123615964657505,1
-0.6016830846768875,-0.5104828998852772,-1.1785957494976942,-0.6473016934588327,1
-0.9976184133424004,-1.3416081702837628,-0.3609025566773879,-0.9931643766544334,1
-0.8051981811798317,-0.8255000692264295,-1.0201379688548768,-0.4430763400712994,1
-0.3679707308871378,-0.8512371202899873,-0.6277887424314383,-0.5039931713076857,1
-1.3737466309855042,-0.9170258639600726,-0.4319092188091031,-1.3785971753275188,1
1.030329976704679,1.7156374016405405,1.0328676814629625,1.3085921592190466,0
-0.9421571556167054,-1.0408141716927282,-0.7002424944662732,-0.2071569615239792,1
1.1946078338358503,1.174863460418322,1.5815263566766689,1.2320118948656926,0
-1.1994103904082043,-0.8040334635810746,-0.8028877626019782,-1.2033009465527833,1
-0.6156913383945242,-0.8519885665059178,-0.3254315870188776,-0.9763780972643008,1
-0.6716220022861623,-0.2501794412925466,-1.1019672600309172,-0.8356268558831712,0
0.7081210305310934,-0.6185022480880196,-0.6277098039404249,-1.0613120772367617,0
-0.651247538062315,-0.5164415251674388,-1.074637439691851,-0.8449753211316714,1
0.2028323963288048,0.1026741088200191,-0.6054230538060448,-0.1726199764648875,0
0.1917369494633818,0.5401538547082272,0.2123004149767603,0.4093504857044164,0
-0.6164453245424395,-0.9485097032747632,-0.8088403376879102,-0.3190802986025983,1
0.324257041382258,0.2958934906624919,-0.0336496620247777,0.2098982714128941,0
1.6101890497520217,1.409624513034654,1.2941751602364933,0.7396745889644876,0
-1.272842922523981,-0.5448620947550382,-1.147528932772891,-0.9965752965792738,1
-0.7930432980526372,-0.6768344136153752,-0.1023942592448687,0.083518202597882,0
-0.7590787294188375,-1.4786976239043377,-0.6280288900390837,-0.7235320492941996,1
1.4311339290341514,1.1328332216406518,0.6964571958321423,0.5673093746474602,0
1.932201806886848,0.8735356226568842,1.7340351689630242,1.1472036312861391,0
-0.7359902861493198,-1.0511454021749755,-0.5126703232176734,-0.8436493263957343,1
0.9167669819549094,1.8753659025560951,1.1204116684586052,1.0350839945530783,0
-0.9321942337963515,-1.1512811605424726,-0.965346126722728,-0.9814689208331189,1
-1.3335604806642063,-1.1218328717618768,-1.3946365640115064,-0.9006411139378548,1
0.29564566372274526,1.14452666265769,0.6708989426118093,0.05774044742699436,0
-1.0795367662118869,-1.203405904636254,-0.8756054343343113,-1.011471584435206,1
-0.7724080749947176,-1.916207618497481,-0.6703999724767181,-0.9774107592667902,1
-0.8812835829316024,-0.9381243869922762,-1.1038899973110894,-1.491512637425061,1
0.4032429919998547,0.6728168399438557,1.4130704122148265,1.5566097632085212,0
0.7725372773152837,0.6731367959155214,0.4905228721568762,0.7639438409447352,0
1.131136785902222,1.4652745232850726,1.1097101955681072,1.1840151366183433,0
-0.7275624017162939,-0.5159829407792775,-0.9101035476171528,-0.3732835488481943,1
0.9900765697337528,0.6304296246285415,0.338189964869254,1.1787351536082262,0
1.509622323654183,1.41460835743501,1.2105514441328078,1.2496623965176756,0
1.8426794818291132,1.8020885465984462,1.75271723057653,1.1374341890278654,0
-1.0308789103310882,-0.1421929844824155,-0.729482596821966,-1.1690658466700492,1
0.8066616783314,1.1939185830408066,0.9416293786462804,1.226101336957199,0
-0.8544125238562864,0.1722922616603767,-1.4427774816318746,-0.4616212031640697,1
-0.861995486035322,-1.3069992303063724,-0.3183227179683572,-0.8896922026464086,1
1.5659759316382398,2.170371390595011,1.6924841597880491,1.5138187958993583,0
0.7860787829092658,0.6578095323304735,1.160025991401917,1.8419322918720007,0
1.5285918481580916,1.4500232334748795,2.9407382263251307,2.174523066044475,0
-1.1144260804912556,-1.092175299673217,-1.4607169765265366,-0.6618776873964647,1
1.0398586521714852,0.6730653772050197,0.7573138423152093,0.7902577903276375,0
0.7015309001835195,0.5016744483398629,0.5609384311509995,1.1076817114813369,0
-1.1537069878326116,-1.2869685288422352,-0.5729455245446293,-0.5790151749633478,1
1.5554287636231974,2.0377498432056806,1.5860599301935474,1.7085625104022435,0
-0.7393460607698294,-1.1138136180822944,-0.7501987758397768,-0.4065107617842768,1
0.8785787041318703,1.173110785426613,-0.2182978189461621,0.1817901989803658,0
-0.3006428194571526,-1.194079140215511,-0.8820934861909805,-0.8593988583095472,1
-0.8061521372310821,-0.7327328383253989,-0.3834894812141012,-0.9219808757614449,1
1.5064774320505718,1.882292765287569,0.967945820727808,1.5760467759973946,0
-0.592073232714705,-1.082880580021003,0.0667565257848126,-0.6917460046030046,1
0.5244474229183899,0.1028024799696498,-0.2026178928981223,-0.034660473889135,0
0.894763794654176,-0.1286651243964589,1.365241414243105,1.0293754138163569,0
0.9766013887784576,1.5416318932422268,1.4685932708365097,1.4332919525326095,0
-0.5496485095187635,-0.453001239409666,-1.5654993294277928,-0.835157579094125,1
0.9789510655255456,1.130379386142839,0.6798889219583669,0.7007970207513905,0
-0.9767400939001996,-0.6296101113839889,-1.3099689817285831,-1.218232374335409,1
0.0101126452200045,-0.6069006861186906,-0.9574509436875236,-1.0204289678141842,1
0.0513035278650521,1.13030525457244,0.1154102351254652,0.5080618658684454,0
2.356934104001159,2.0537281444040447,1.5795140668444103,1.7516791372877307,0
-0.2890599567442065,-0.7962924600277396,-1.2355082974233995,-0.6390080263661793,0
-0.5071594707402965,-0.6535456930394785,-0.6689672968071313,-0.94177693117639,1
0.1280556903790706,-0.11529274245141796,-0.43304944822913594,-1.134988349636541,0
1.4658242595421649,1.519461843017245,0.5081298682876705,0.8324407822095672,0
2.0455904987926457,1.27454863919983,2.1166242457156104,1.9547345617522092,0
0.3706779570958971,0.490676901946848,0.012060804890163146,0.7109830115413712,0
1.4086628321283494,0.5584658982661913,1.470268359540633,1.7802295117603082,0
0.3533215683561382,0.8551632999520697,0.3167639811279182,0.5184059327111646,0
-1.070917937199467,-0.7279728042818437,-0.685460096264136,-0.1240522801073411,1
-1.119054645017768,-0.8048137150617632,-0.8104238656854011,-0.6280044464400566,1
-0.7303579397953174,-0.6768354872535325,0.0545687948808699,-0.9131398174762853,1
1.6087016739684643,1.0686953547929696,0.7048091799353873,1.2038063621254542,0
1.2224732683678043,1.3449702676204764,1.1457507461670258,0.6614640371058149,0
0.6118092554946623,0.6089516960449247,0.3852983688282005,0.06858836440090232,0
1.2759167448500797,1.6778639082433051,2.3001632143334008,2.408334681907881,0
-0.7769944225889512,-0.665932013743807,-1.0329743577061739,-0.7940407112330377,1
-0.7431720661802149,-1.011880058529507,-1.1874721658909664,-1.5105178282437424,1
-1.4599134751349634,-0.37718161326083,0.0198784999760213,-0.8279684815414392,1
-0.09359050455098017,-0.9096532922001287,-0.43891501920904646,-0.8053298362447006,1
-0.4470155235979323,-0.9073409636696392,-1.1037582693465775,-0.4659343479378289,1
2.1728767522395103,1.9054910895912225,1.4048012659429276,1.4767926660938553,0
0.5709901967744282,0.2206679637502004,0.0978795951178997,0.4724322274484219,0
1.109400810612757,1.7943372309996928,1.2868617615835818,2.0414116849577773,0
-0.7469040637210419,-1.0359157795613478,-1.5879339360347813,-0.4648631707577182,0
1.377408593748696,1.4919548063214754,1.530124448249209,1.4661502557123636,0
-0.1604993494176991,-1.1218062462596123,-0.5684840132096308,-0.8367895288800374,1
1.4401297674496116,-0.5716208807944739,1.0504904837252882,-0.3367077963322721,0
-0.5341301689609819,-0.6574031919856529,0.0010055354267407,-1.0699164462656734,1
-1.0171674369447412,-1.1352550721231502,-0.7152647567217865,-1.4095491893463112,1
-0.8974614012217541,-0.7574810907886298,-0.4255391626550004,-1.196577242166974,1
-1.0365897307062115,-0.7332148779620548,-1.488096596777687,-0.4374988499302514,0
-0.007558409053197268,0.2905406420124853,-0.06643050826338714,0.6202077694980532,0
-0.3231059522191646,-1.2731628481025656,-0.8827021312030008,-1.0774254731174446,1
-0.7929053847516601,-0.426600237170494,-1.0403857654519313,-0.5203161017300337,1
-1.148321345291968,-0.4977597853010315,-0.7061526026306981,-0.614950542349762,1
0.1413923158152353,0.951961989730464,0.8027883645315826,1.6608934560386546,0
-0.6984759399577933,-0.9022068638296068,-1.0540272257842578,-0.4224170641659109,1
-0.6508716160034748,-0.875177300198685,-0.6141222563981112,-1.4506343506248425,1
1.2452934033843583,1.0020446942749817,0.8706841187871474,0.7241028424367725,0
0.5039326867523599,1.328343776813284,0.75389604453238,0.9837209175774058,0
2.711764811380113,1.854211462346336,1.380366435141639,1.5047605633501473,0
-0.1972557692560057,-0.8383432629280408,-0.6830706656145592,-0.4713709803221798,1
0.062215734795777,-1.1189017960723162,-0.3174901087300604,-0.3060017409284777,0
-0.4776228053199942,-0.7921193902203385,-1.0201152362343096,-1.7190519713646737,1
1.2464220844438494,1.7968475135675508,1.3887075963561235,1.1041355820424854,0
0.7502442063847197,1.345515232650392,0.99664055424562,0.9945244863436696,0
-0.3793807053123604,-0.4239877382879408,-0.5004468439038353,-0.9038584584484708,1
-0.5989512471495164,-1.3402169038969656,-0.7421234367818765,-0.7609499322641905,1
-1.0407596006780577,-0.5266104900667627,-0.7241581546316619,-0.6418204674557622,1
-0.4780659841622217,-0.8698282647522863,-0.7848838339329005,-1.1637624232002133,1
1.51253038413757,1.643425027054371,1.4628973078839944,2.1625968876930264,0
-0.08831728126759553,0.4165291831045582,-0.045703892005285573,0.1969684612276391,0
-0.8944739772481376,-1.6434950666222434,-0.569902707690809,-0.42662440830505943,1
0.3261435942728143,0.3266242807135388,0.0238616552111999,0.9751758697951056,0
-1.243849112319443,-0.6014404089167895,-1.712127571139753,-1.0285406359843512,1
-0.422588028614718,-0.6787266760201698,-1.3468642485534512,-1.0164095419532582,1
-1.6345435513200566,-0.0793230640097063,-0.7010146836523994,-1.0651472855385726,1
-0.7981877605844764,-0.9751480764969382,-0.892328083768672,-0.42199532659731204,1
0.09409138379287,-1.5683951642750011,-0.5929773714159068,-0.9762446053527148,1
-1.147301488472589,-0.6223598349261468,-0.4956541462517166,-0.7445216127337546,1
0.9908474356395566,1.1551141791915407,1.0553018257909117,1.1136764534523462,0
0.3175984971149392,1.8817160190231943,0.94630288180415,1.378417634329191,0
0.279420201456368,2.0886943832289173,0.6679452567037447,0.7105403088183132,0
-0.5997021172217313,-0.599233264171785,-1.474308383374901,-0.7833097044598231,1
-1.2697792529475191,-0.5148469494941839,-1.523064242071665,-0.8547949814061443,1
-1.036606909911388,-0.6619658096745547,-1.1759302243908718,-0.47777195884916535,1
-0.7671216217693978,-0.5588534497421086,-0.242997208446469,-0.8741438012315863,1
-0.5303412458573379,-0.869993216277276,-1.2672273521201625,-0.1739686054660342,1
2.0119873821439107,1.3542002944675944,2.253504050889537,1.865499062008673,0
0.2509820857382107,-0.412048824024993,0.3839748707820621,-0.0107030201386594,0
2.822485198113968,1.8587581835869085,1.9899250880001964,1.8764308157925629,0
-0.10755488032364957,0.2069009704310255,-0.44727724227708227,-1.3756330017882317,1
0.7690552450525423,1.2725255250261005,1.2056135138463828,1.022555534603355,0
-0.8646778287489713,-0.6825596723378206,-0.454725182644452,-0.4955033498946751,1
-0.2740631408262922,-0.9479387312890516,-0.3753508007992218,-1.3285001871579132,1
-1.406421794124855,-0.6970239715170101,-1.1885968515103704,-1.0892784899783676,1
-0.6835023487534737,-1.1019375558116156,-0.3648857174316856,-1.1264883012857212,1
-0.2735727610306833,-0.181183922578915,-0.846148351491523,-1.6119368718993767,1
-1.2629878529451233,-0.5289824836546059,-0.3437149894130262,0.1228076539153639,1
-0.48454151611774254,-1.1097884423619904,-1.5872436494402482,-1.12954624613269,1
-0.091448885660443,0.8376809184077691,0.9757320031408624,1.045961273952697,0
1.4797559801076647,1.477639760195545,0.9318459674267794,1.5030183049587815,0
-0.3273531007035092,-0.9184129755721576,-0.8860470615800466,-0.7261403429036648,0
-0.9942698014519232,-0.2580534489923938,-1.2581334806573308,-1.2088168035173703,1
1.896332087592889,2.2488765298687947,2.0232306829325752,1.6101834323139264,0
-0.6174093895115258,-1.241476188508726,-1.5065793039846165,-1.806166881003918,1
0.47403306965643877,-0.2962218972761418,0.6575383097684897,0.2709638566107184,0
-0.731370014437855,-0.3203641011516517,-0.8703406059099642,-0.8390517870855009,1
-0.5586891417248802,-0.1151235250544433,-1.0988514338178783,-0.9258808671869088,0
-1.2095399491547838,-1.2577280065717011,-1.3474233183130604,-0.559298428049479,1
-0.0530904217056895,-1.2956862317017952,-1.4608379124177202,-0.5233478856691589,1
-0.9233688809311851,-0.9932899218692819,-0.8450463969610224,-0.2698844740410604,1
-0.9925981213118931,-0.9649641109647729,-0.8857797171108576,-0.8223826682737907,1
-0.4759559639236929,-1.2405232695742323,-0.785214448205001,-0.9876099620381931,1
-0.991798711107544,-0.8924868656511655,-1.164343975474195,-0.8413409867976976,1
-1.2824549408557169,-1.278160036806507,-1.8185459582237755,-0.23190015292913058,1
-1.17247182770216,-1.2965872994237095,-1.3913064452902604,-0.6790492169101106,1
2.237210197064515,1.692469740832119,1.7540823820992983,1.0374323243253174,0
-0.747078311237951,0.0381914251733994,-1.549365401258302,-0.559625896793644,1
0.8471590339576269,1.4032199741376734,1.6538796354601637,1.5633306303520151,0
0.5836011333759151,0.059740384471102415,1.1807377740265628,0.667795436200835,0
-0.7273270443938674,-0.9287073682048848,-0.5241163664646478,-1.0216695375151887,1
0.5687944197208273,0.15702952031594053,0.08451768617732314,-0.28381566428874694,0
-0.0200213004716572,1.6124925495404514,1.3441192090977554,0.5049904978873033,0
1.334436481834858,0.736278727878341,1.3278100927449703,1.2181255537119442,0
-0.8554033023404621,-0.7440714917888019,-0.8787054690738886,-0.8309139625098871,1
0.6299041754336046,1.604822247960467,0.9734490078179678,1.2238614073315677,0
0.4039933625214681,0.2493394978233021,1.036540451750436,0.0034968693972011,0
-0.8410860505359217,-1.371696572023518,-0.7923518440586073,-0.0629529188339051,1
0.7523003427137926,0.0977713647491816,0.5406431035780204,0.2458139482337301,0
-1.5448276137509347,-0.8433325620640619,-0.7536166871252105,-0.7486952552292802,1
-1.0524141195625154,-0.4761339947734437,-1.766029518100244,-0.8637971452729447,1
-0.5783498677850265,-1.1141203161803634,-1.1249544734110195,-0.4589841709506567,1
-0.5438824285290093,-0.5681765667885887,-1.1647490008763703,-0.8682845777351438,1
0.17110436768859,0.3266381937729545,-0.1376862709646555,0.6515062591063674,0
0.3115991699996624,0.2613330785341868,0.5864989839340383,0.3432020640876257,0
0.8371078386388225,1.188891222999527,0.9642095626298512,1.236679014837595,0
0.9771828792595003,0.3012011486373426,-0.032872250393286895,0.8987839940739022,0
1.2896950426331977,1.1724024032612903,0.9993037968307236,0.9385608110645296,0
-0.6910933612484821,-0.7219727019819693,-1.247750023367704,-0.6896883328196015,1
-1.2134620813366848,-1.1182323863322112,-1.3315833871361817,-0.6033189338824667,1
0.2336190519351186,0.123119242639988,-0.1398245094301799,0.2863765584736353,0
2.082143267502633,1.650551944682866,1.3374216241824763,1.405538948107173,0
-1.116068778120636,-0.4151775172455626,0.0156301270134976,-1.0879484879953525,1
0.46581901451958735,0.1811100592108903,1.2388395309326254,-0.00602083836306766,0
-0.5183086851900216,-0.8415228571742731,-1.0655867243467445,-0.6201833907981322,1
-0.2581851853456555,0.9570074002518956,0.0076599028206165,0.901040215161206,0
0.6171549684202267,0.9244541279168697,0.9258774747844112,0.9289401665714856,0
1.040099516128649,0.08812857483078318,0.6930115967488586,1.1186629930502507,0
-0.757855277805684,-0.5994123533429696,-1.179154721573368,-0.4014211712801557,0
-0.2355400606739561,-0.3651313153050056,0.2453269463120165,-0.7021020789122083,0
1.2854841654917704,1.380481180544171,1.1945479281159057,2.6799121105523867,0
1.4543975027638028,1.17989115136117,1.055347791646701,0.7669824151413488,0
-1.0947153322364307,-1.3230399042385241,-0.40271768699178623,-1.0212871631964155,0
-0.2952075080727189,-0.5642320253885542,-0.5528185376837709,-1.3405511392073646,1
-0.0318916746769615,0.4606809537663492,1.0243347908260187,-0.0607361545232199,0
1.5005699673260966,2.1225875829299223,1.67302990727058,1.5108281549407263,0
1.9057125567498383,2.001001505119707,2.1550552615076137,1.563510766506324,0
1.3830369306549195,1.5503598504637626,1.4683184117620127,1.8346421785810445,0
-0.4590310458884603,-0.8941110085991061,-0.5965498523734896,-0.7053128685115535,1
-0.052257241678634214,-1.5234561710020174,-0.6478762373888304,-1.1461942152294573,1
0.3509463904151236,1.1014672092120268,0.7262496861807803,0.9670347399327645,0
-0.7347328930432568,-1.1439075340049707,-0.5911786983396787,-1.0895168715799914,1
0.5275965979460615,0.99988368963913,1.1917742056718617,1.1485110819247966,0
-0.6226455191901303,-0.9071773141001344,-0.8113686138064681,-1.0708562400700874,1
2.2790992633525624,2.080383206972888,2.275336034349664,1.1914508989412116,0
2.56974078979354,1.644396538702198,2.0223146964307674,0.8243813894377244,0
0.9809752925164332,0.8122566425277438,0.6603735190881114,1.27846371474804,0
-0.6414707600685081,-0.98510535348633,-0.6931150860937172,-1.10254306413294,1
-0.1291201260562403,-1.09843194261211,-1.393573265314357,-0.992357774320138,1
0.8180231926615971,0.3104855394061466,1.3777085658707406,0.5710006105686257,0
1.557293585299439,1.8669200974260072,1.1102303638159317,1.4427599871201264,0
-0.6336559633143939,-1.112212952177455,-0.5117265721567689,-0.38841117878725206,0
-0.7400398528401743,-0.5879745792573621,-0.5096794825897772,-0.0522190941440647,1
0.2749930114657593,1.2162245803596095,0.5082058596938532,0.3883909842403764,0
0.8432602534327471,0.4991126738100427,0.1706098923825764,0.7240869603178252,0
1.1733160716855011,0.7044959709638258,0.4849495358445517,1.1775470977860336,0
-0.4771938696439805,-0.7279364340320131,-0.8385539425584029,-0.8452202035035881,1
-0.6625463175761522,-0.5838965502979149,-1.0299488216012067,-1.2331936945109323,1
0.7915928589400498,1.500346729959383,0.7864750765431991,1.569311975069578,0
1.116774092474535,1.199859255845837,0.7494072609690354,1.843774681252745,0
1.6889650178201638,1.3688918191818331,1.1996633942130197,0.9485933637989092,0
0.1703492271894081,0.0918694250086132,0.2508422346965046,-0.1185457486678941,0
-0.8508906281678649,-1.022112345882496,-1.573910982837156,-0.2337632734907065,1
-0.1604079090393624,0.209826948182295,-0.5696757959490254,0.1658761098512997,0
-0.4294831426126635,-0.1135588574501281,-0.5499344968011558,-0.5672602815345992,0
1.5062933088118808,1.5680780215768628,0.4364878437779704,1.6320178915537489,0
-0.3941272480188186,-0.1788428683607747,0.0335309850580424,-0.3677056182720415,0
-0.8089215896930778,-1.2938197906676463,-0.7500108943314865,-1.031946182646741,1
-0.0322026933243524,-1.3519080605370135,-0.3977509701776531,-0.4335061057748577,1
-0.6796870927273706,-1.1514373731817038,-0.5950202880659037,-1.0670670923481462,1
-0.7137661410165778,-0.7764443128320438,-0.9175516762907608,-0.8629642202147771,1
-0.875738109838588,-0.6726384273654261,-0.6353338922287084,-1.166662277637704,1
0.4712489262001052,0.5360699354360351,0.3038969258286491,0.0725276118566088,0
-1.081066230911134,0.1567652396160815,-1.3182855905386028,-0.8251389252192429,1
-1.253446073428073,-0.0435677528030449,-0.5558246649572645,-0.8136784568275797,1
-0.5180166699631118,-0.8992302820076707,-0.9888374232841666,-0.5527647137081633,1
-0.9814067243498936,-0.986011198306424,-0.729781422231911,-1.2040417108247248,0
-1.0983902822748286,-0.7649365361537392,-0.5760947040032822,-0.8405308692841768,1
1.6707057210936591,1.4982838665157845,0.8385075449633774,1.331240836561186,0
0.1104385751429665,0.4215513996439435,0.0102896156442701,0.2940796210646036,0
-0.7321475760956629,-0.408120500347522,-0.6342850389009909,-1.0926652267677417,1
0.7014817588691746,0.716833353718349,1.2314647497496725,1.0169110859099375,0
1.3791341254271,0.871641509695883,1.360292201099873,1.4268478242314897,0
-1.124691182743224,-1.6097362545101928,-0.7836306143030942,-0.6583104003313849,1
1.8646095924888009,1.103916048177367,1.850871183782053,1.5339342398407612,0
-0.9354337305595948,-1.041479317095109,-0.3395660886567246,-1.085027802422541,1
-1.0058395994870597,-1.1636265191378523,-0.897823112185645,-0.6533675051277996,1
-0.2238161679507133,0.1369342267567469,-0.5574001938228978,-0.5431841004301291,0
-0.7681029200422332,-0.6885731958634365,-0.6924893227003788,-0.374699732718423,1
-0.7593275996453701,-0.8026619798193919,-1.0099008414095203,-0.7235023517163837,1
-0.3745661585151344,-1.0721911030537654,-0.7177201605063659,-0.6533769639720444,1
1.2255731835788075,0.6616422233224257,1.8854403301326847,0.5971786337350752,0
0.9489881254188408,1.3190466969769037,0.8471372061036875,1.1464272444325825,0
0.9383793924042066,1.4284285166147956,0.3384956938349224,1.5580834983993357,0
-0.7302302417474111,-0.1551520543440031,-1.2124084920578992,-0.9656134648086636,0
-0.9182877729260572,-0.5681245835734698,-0.7034579672434471,-1.0952138719607418,1
-1.0498617194027546,-1.0458727082970412,-1.0814299142601953,-1.080438119527222,1
-0.8989771641574698,-0.6393496663261867,-0.5254448067595501,-0.902389394189727,0
1.1040207281753163,1.0008388919741364,1.4327693318861505,1.5300991668600108,0
-0.907405096414441,-0.7057076580550551,-0.901265902414552,-1.331996040991821,1
0.43405897472218113,0.27193119013141487,-0.4130074897304782,0.4485378577445319,0
1.3497880577641372,1.681668787681807,0.3167320424811564,0.8355012240253665,0
-1.4836981900813155,-0.4617801193228259,-1.0857560373299922,-0.5042487368354784,1
-1.2469154861506857,-0.1735510266904947,-1.033090246501852,-0.5194575091570643,1
1.1884034523418217,0.229798959240714,0.8630983579381996,0.8186133952046885,0
-0.5345326790862439,-1.102753819031981,-1.077241425944626,-0.9502419329033645,1
-1.0859798361777138,-1.3866689879104532,-0.6136295835095296,-1.3247069329651633,1
-0.8391748399848489,-0.7103532409492627,-0.9202483064881464,-0.3202141350985096,1
-1.013994792392126,-0.8391454665261874,-0.466034213119987,-0.7185584233690326,1
-0.8226831713095103,-0.6661970552241954,-0.6349810583409128,-0.6289248894869353,1
-0.7996056057935784,-1.2085454646099612,-0.4875316844015872,-0.8244846034552777,1
1.0087354767857981,1.126802727330605,0.7264417721464832,0.4837219922888387,0
-1.2350888597365757,-1.1275531163163055,-0.6147947664965684,-1.1469432851717225,1
0.7640553761608411,0.1385254152347374,0.952017467590034,0.241873487783377,0
0.2740823698040106,-0.3349917835939191,0.006376810889993,0.1206453103841468,0
0.9719662375326494,1.2914742084941253,0.2104252104360616,1.3093150855900784,0
-1.4137416823363635,-0.6447860024905137,-0.9289432681299364,-0.7018885637497616,1
-0.6392165264793832,-1.0967575658280524,-1.0753659387793548,-0.386809899287732,0
-1.528584441502206,-0.744416461344463,-0.6651503096860938,-0.5120155398790109,1
2.7639089262739978,0.9517741643125098,2.1939165904732887,1.0414856946613629,0
2.375048980019796,1.7491875582515668,1.4163008996329114,1.799489444069409,0
0.9437430008387524,1.9399611071062852,0.9993405434844018,1.084655475233824,0
0.1075995802661008,0.8517186903481824,0.8272325689402633,0.7385964958684885,0
1.7293647928688751,1.6598721191878956,2.1037934905413067,1.8772022089321585,0
1.0327962077873765,1.3119382238262929,1.0323344571683324,2.0612431836913965,0
0.0593461735029432,-0.1595541997957175,-0.2667837976066204,-0.0691645929958819,0
-0.4213158218015028,-1.342145351294394,-1.857982152491807,-0.5936653103538099,1
2.321619825989647,1.207836985268253,1.09522236010894,2.0551754911389857,0
1.1335042781711682,1.2305938953022366,1.2737249538731164,2.060068171962534,0
-1.1194447821301658,-0.4950533832481029,-0.6127370033402827,0.014960299687091339,0
-0.2299478490463188,0.035948619806397,-0.7933669175966469,-0.2017886404624849,0
1.623251293517629,1.3362337363453114,2.514921190209256,1.4467864097747254,0
-1.209522645741882,-0.406195527466177,-0.7609349888261163,-0.918468609703906,1
-1.187009842112814,-0.2900898008999295,-0.7775777349262065,-0.4046688995909602,0
0.8499044490820079,1.0746931160030198,1.5700802563235827,0.4583775993732375,0
0.8356483373053095,1.8661532422819613,1.3700377435360462,1.6925929932152703,0
-0.5082304636757082,-1.1364361332645658,-0.8415679059090987,-0.9032535310755446,1
0.0375998493653743,0.3333435279527529,0.1476973703209113,-0.2013395272116007,0
-0.7963052659668858,-0.7652645763142909,-0.9588054537549564,-0.3462611992198119,1
-0.3510284089168933,-0.7964655496685127,-0.3768978323775951,-1.3116702993832725,1
0.7342491971556402,0.4274443571495784,0.04802579297031595,0.8490833618759406,0
-0.573258547778991,-1.1970012493296909,-0.4273230958647143,-0.8243842790504876,0
-0.2000148977412389,-0.8235667107540042,-0.9422923861451036,-0.1416061425751421,0
1.6755379443906069,1.1680580501039657,1.2614672038489452,1.4344813303742443,0
-1.542322995649822,-1.0452659297705735,-1.4261965399946406,-0.9889433549970146,1
-0.5107849299164082,-0.5520310700186661,-0.8701822592591959,-0.9600293131840976,0
-0.6610982352751559,-0.6355786290316243,-0.7197986402849934,0.17988384378954037,1
0.7870177532581928,1.0566636534015252,1.5360452540559266,1.4736597680418944,0
-1.341336431669396,-0.8759863742610045,-0.880735430184018,-0.6097393157210557,1
-1.1149836608554016,-0.7623649032582378,-1.090334221162621,-1.0838273377184888,1
-0.7133171345527343,-0.9761666909496588,-0.9951390697037454,-1.218018186512529,1
1.1980541724740976,1.6275630502224776,1.6523472164580282,1.9711363729091689,0
-0.6760797689411479,-0.8731999505053499,-1.221533537362642,-1.171305707849145,1
-0.8191460617762649,-1.1107800772605525,-0.8446494205727753,-0.6664541391526076,1
-0.67944903379531,-1.301569194995931,-0.5448613528647075,-1.254981996327318,1
1.1880041731422262,1.593172011021618,1.024584998300232,0.7770169068676887,0
-0.3934801481916033,-0.6706261954756781,-0.3522794520051145,-0.6739039898749151,1
0.9977947376861424,1.123320847717496,1.256676792209047,0.8188508120707538,0
-1.010793517017125,-1.1194588817865845,-0.8667342093660763,-1.1111940279873418,1
-0.5964660637936376,-0.4435965131884758,-0.5373970596869277,-0.7426004355541761,1
0.7810349850404503,0.7910569053807115,-0.0726515322638571,0.4607794333373638,0
-0.7945440379991099,-0.9236362431545048,-0.8698843124187751,-1.3489818354930514,1
-0.0193159748894477,-0.122981874505969,-0.877118483105976,-0.1428705953855396,0
1.3352603716880826,1.3157757889300583,1.1097262945212467,1.2946705924445745,0
0.7286238670895586,1.3635034420317511,-0.0852012347301532,0.8916317830038765,0
1.717030240604838,1.9938883659811488,1.6522700291383494,2.0560505530364024,0
2.1518577644484,3.014246811320212,2.171434886997606,2.063425690896564,0
-0.1774681019524006,-0.2608770230307017,-0.1740373023926996,0.3452306653017309,0
1.588762922139178,0.8169490053132887,0.8380402541665645,0.9742673625492766,0
0.7021512229697678,1.2028173791503445,1.7210902180867218,1.1866011929116418,0
-0.8253810199418169,-0.3650810330923009,-0.4383675594552864,-1.1891933460798827,1
1.3686921632652025,0.9159142087755732,1.5860908307861317,1.6769944913063417,0
0.9880738940238214,0.8968360435109555,0.8884379821891901,1.0539627742154287,0
-1.178184519911616,-0.4805816342886518,-0.7198999035086552,-0.9135232437623512,1
-0.1401869048790185,0.2323571034889377,-0.2860268237366173,0.078888337102626,0
0.6900679047843903,0.662409025371131,0.822548628503489,0.3982574978322057,0
-0.1965806977110153,-0.2868778753374992,-0.5170214843359885,0.2368204421211744,0
-0.7398408228458146,-1.0394594356711027,-1.1788087755519814,-1.5322038184959392,1
-0.8079937864718897,-0.5306455391250182,-1.296170747238951,-1.3724576193613731,1
0.1817781158984527,-0.7638295659898865,-0.6550690373712272,-0.8477494922217037,0
1.6649342939084335,1.4587224787872235,1.2365269697686516,1.7104502379433084,0
-0.5066532652260104,-0.5337708678936505,-0.7963954901643935,-0.6638294542807888,1
0.7196075560372133,0.9635794851577576,0.9088836720996728,0.9654265752638208,0
-0.690510345894755,-0.8408859385142845,-0.9545058092770756,-0.7011171126924167,0
2.1299488923493546,0.8987413043883254,1.992945175608679,1.1454024009240205,0
-0.7893589814703436,-0.4489296507136904,0.1091977043588912,-0.5985030894235303,1
0.932763649554512,1.0319290816745548,1.5452453315670314,1.3767260370751802,0
-0.3712719860319659,-0.6264377313936715,-1.5418569344948927,-0.99673344013623,1
-0.4743629497181307,-0.992820323136134,-1.121650499473875,-0.619262054386984,1
-0.5198476352146044,-1.396305646396899,-0.6092023526058369,-0.26411529518815713,1
1.7318436006414644,0.7014020647448045,2.219431933693279,1.543512076906901,0
-0.8301818726924003,-1.0407200485796784,-0.8751070533954114,-1.3434522810854357,1
-0.651256320333042,-0.4815394370299122,-0.4443620205466849,-1.0542538714649283,0
1.0754541462008609,0.5861031162838288,1.7766753106116588,1.5592051569835683,0
0.7796630865562373,0.1521329002380554,0.7493103764291325,0.2652281956050504,0
0.3885144006624897,0.6868030012584614,0.35331534588821195,0.5883854857000661,0
-0.7930490855660555,-0.3589511838222449,-0.4502159111349856,-1.280118514969863,1
-1.2009048480392572,-0.5020426607966401,-0.8234367130493162,-0.763623931760947,1
1.4081146545813095,1.1159579264040127,1.670049584212094,1.4537273302679796,0
0.5719707992729548,-0.3525306453030185,0.313645176969879,0.02728626771580589,0
-0.570360335938742,-1.500719942688622,-1.1231864081997522,-0.9073386877952077,1
1.735026430164706,2.0348612652284315,1.1058849286630652,1.3683535893094587,0
-0.8475608777374598,-0.8824600999601275,-0.4242560711096252,-0.7330603094019565,1
-1.0699440386359955,-1.0944656119636869,-0.8417287656355137,-0.6757218657262302,1
-1.2659843991426265,-0.5241442816529047,-0.590288335795459,-0.8647434028299394,1
-0.929094172513902,-0.7797823761965749,-0.4428281706276268,-1.348399782167467,1
0.2565760939379053,0.7806714732299418,0.4036422211958115,0.8272474298299185,0
-1.1086187137859975,-0.7597014905031655,-0.4182400932100181,-0.8829571784689336,1
-0.0204059817097496,0.1173182803991103,0.0689673945897998,-0.4863390278428633,0
-1.0147867883809885,-0.6399881914146127,-1.107257206298301,-0.2937691846770979,1
-0.8304848326454717,-0.8369056875588811,-0.6997293537525184,-0.2883110526570748,1
0.0851925151949355,-0.3112037047112573,-0.7437663688520454,-0.3358535551032475,0
0.1426884475700996,-0.8751941879937158,-0.4170956621659381,-0.2901481975855796,1
-0.43938861254244155,-0.7009362091604765,-0.8495198633466775,-0.7324955481603861,1
-0.4882330505378242,-0.7222309729745927,-0.0271380068945926,-1.07004948805602,1
0.5860406526611313,1.68100695901639,0.6360487448916636,2.058351090450459,0
-0.5918759464235481,-1.1286993398441083,-1.2897873908808677,-1.415902288024574,1
1.8433513262120589,1.24100704765421,1.2139426874536534,1.2459623098136055,0
2.00546010703544,1.650715632029232,2.1361565855452915,1.1519008911209536,0
1.0188702003833825,1.0264458753545287,0.5825242115299325,0.8238435411987091,0
2.1515993515870813,1.422189758564254,1.068435211419135,1.2927499935203195,0
-0.4988875536596768,-0.9837239740884022,-0.6006528876203145,-1.337336982606809,1
1.1048500946055675,1.1758537082687686,1.1576916885895552,1.7573045146241484,0
-0.5924169883686028,-0.6471733915112968,-0.7806282513196421,-1.3180949084848537,1
-0.8557314758033332,-0.4896458861134578,-0.8523183188060677,-0.9208694973916082,1
-0.6852335929831017,-1.004745571302908,-0.9582836502762836,-0.5638901409723263,1
-0.6292540454137007,-0.5146924347496941,-1.0285884564173151,-1.2437556802237486,1
-0.1876569733380909,-0.3664015100594848,-0.4104983770832822,-0.8996163352721982,0
-0.6583345874015064,-1.0083475906280084,-1.144071739992677,-0.82740233412058,1
-0.6933752270450906,-0.3860938825735597,-0.7300742316420173,-0.7423252750553603,0
-1.4676154270126136,-0.6897954894746239,-0.6128774985818835,-0.8492309484287917,1
-1.0256375685773411,-0.705402524953944,-0.0358795635479487,-1.0822542300113125,1
2.3618621362748056,1.7850406276334787,1.2533193379781808,1.3457256130728767,0
-0.510433401215977,-1.1947132254763355,-0.8144992885908312,-0.9050527739305142,1
-1.246342020659632,-0.9606004120440476,-0.853353350316908,-0.8321364587920304,1
-0.4258136692846595,-0.8407513307637796,-0.9933641473764676,-0.3812393365218928,1
-1.106523402429413,-0.5516973752230939,-0.6699945782058994,-0.5347248658056929,1
0.1438659941697094,-0.2895304677064901,-0.1101257316549055,0.3760509413136771,0
1.403172793618318,1.3163755843956126,1.5587982032627825,0.9601516665817473,0
-0.616628521854784,-0.9980404681830848,-1.4576882355465663,-0.9417913884290036,1
-0.8192656280959817,-0.7456107027810249,-0.7813206061546331,-1.1094644261762714,1
-0.0265351276329083,-0.5359717944481129,-0.1566678285954246,-0.5533684842935312,0
-0.296316117751557,-0.1276616239695505,-0.1589408995831987,-0.233305650235309,0
-0.1691173003010282,-0.7699708906292123,-0.8725030430924193,-1.0994116883081126,1
-0.1052723408454467,-0.0893916161822335,-0.3043846349451835,-0.3346243230719301,0
2.08341635619952,1.77643969998286,1.0240650365617228,1.955064326558447,0
0.5525348673193077,1.6893171210978162,0.3943483767486748,0.8322799091047648,0
-1.0310703721707004,-0.4995686009028849,-1.0118100684157318,-0.5798633134053341,1
0.2427792679237378,0.0596795427868648,0.3532532073018429,-0.1226516518058712,0
1.0285504163665966,1.0617397536371085,1.1315937215765928,2.001831860182703,0
-0.874003463215022,-1.3839653998476895,-0.6453589361396276,-0.5478875968564134,1
-0.6328187634868304,-0.5811310594184391,0.104549273476904,0.0565137383479222,0
-1.136230064431603,-0.9440434599418148,-1.155674175007275,-0.8079583562421132,1
-0.2547024602991486,-0.8012414667218074,-0.9716567133792854,-0.9101495696187282,1
0.4485235630759107,-0.14388610198811036,0.20052116390120356,0.38441061268239957,0
-0.2206124052830999,-0.5738665867487851,-0.7152742964332708,-0.6219930008999945,1
-0.5820888296062829,-0.3406873395588363,-0.7934863324991882,-0.7009072238090215,1
-1.1460055305965895,-0.7577956650804456,-0.7686783836307386,-1.1801949040672557,1
1.3437784846653005,0.6938351125434293,0.8057654516396762,1.4496821799233828,0
1.895675331323105,1.1322052944646632,2.384021075590084,1.418260558032176,0
1.165650689931217,0.8855956190438615,0.5334591009355865,0.8769904890464052,0
0.098373424687729,-0.2829545946246349,-0.0930039297911801,0.6681367775858955,0
-1.4070419912446332,-1.1771653790457388,-0.2420012369652647,-0.1582531564958674,1
-0.4367164860657897,-1.0726600147740246,-0.2340542595298841,-0.88632702477916,0
-0.8879523950305526,-0.5529069290060608,-0.6577175644337769,-0.7196366853535695,1
-1.0580357621679035,-0.7210871645747099,-0.5314228027576926,-0.915790352616072,1
1.3707608706515537,1.7518386624293467,1.7554630978006984,1.3332771799542251,0
-1.2602707286570247,-0.8335631668668448,-0.4249386744020951,-1.5506997225736094,1
1.0935847396603928,0.8064220486042416,0.9464748946646871,1.4969056493031845,0
-0.7810691625904361,-0.4178635248803634,-0.6785200239604359,-0.264074272047489,1
-0.4008245796301564,-1.5039367885089403,-0.6088806256633058,-1.0953764524794765,0
-0.6457460531939632,-1.1672368570942266,-0.525917975613833,-1.1346723757617034,1
-0.3981663273507892,-1.304505842730646,-1.1003451751061082,-0.9455893491502668,1
0.6085503027753738,0.9746564669272482,1.2719047558172285,0.6144679884504137,0
1.6116877131890828,1.2469593577362623,1.683012357278814,0.9421139032345917,0
-1.2196308303971288,-0.9939147154653853,-1.1017314031862286,-0.6977420431560851,1
1.057743208039554,0.9321650613780306,0.7887095605657491,0.8539800821884116,0
1.2308145729902105,1.443128043895061,1.1579335306671272,1.4301983040836108,0
-0.6526884755528569,-0.6482001129098185,-0.0726932209891813,-0.3410656573241094,0
-0.897517042271088,-1.3526816113679323,-1.064168854455732,-0.565262484168695,1
0.1275457453449547,0.5060893970611614,0.4953705097795472,0.246462583854178,0
-0.7054007088903873,-1.168221076996038,-0.8020422140148759,-1.0053908285204696,1
-0.9692941510231954,-0.4908395831350651,-1.1679443429702874,-1.6718108837607504,1
-0.7807293436537218,-1.1764641489740817,-0.8560858304562643,-0.5577752158646656,1
-0.6502055689696623,-1.1901258920792814,-1.065971852308926,-0.1768903748052052,1
-0.8764559377542078,-0.1420590947032286,-0.5354420561749749,0.3119367828480031,0
-0.6449849808916149,-0.6165380113365582,-1.0821833810030996,-0.6327555663763167,1
-1.0235790138370042,-0.7375607876368293,-1.2145187568114406,-0.696273052541007,1
1.185268642707268,0.7242028395746435,1.370126341467241,1.1066165234109735,0
-0.7653292401183078,-0.4494483913678149,-1.300977050695474,-0.7425659235408086,1
0.9604116076488298,1.918817048923056,1.58083246820301,1.5508418598396745,0
1.908952714533588,1.1480379585935077,1.784144395081158,1.2454858405492542,0
-0.6010751240802926,-0.2276420188935863,-0.684375855966364,-0.6916731699358505,1
-0.7465400495467637,-0.7735051191675409,-1.497407322588709,-1.146585905147523,1
-1.2065356734744208,-0.7913204588873177,-0.7247494465550939,-1.07329301693834,1
-0.6336870833088393,-0.5003807822736177,-1.016677230408639,-0.3841366005889653,1
-0.8603958346592898,-1.1077471079293542,-0.7781537777736142,-0.5439387695916207,1
-1.0914145260476285,-0.0543162766587033,-0.7949945830206567,-1.2730674357782266,1
-0.688610799542341,-0.35689710954117,-0.811642880159307,-1.2695537433548345,1
-1.1008788273779468,-0.8833843811998964,-0.2844665289894224,-0.577648461807077,1
-0.7322098468671903,-1.1507674289955645,-0.5518277523920819,-0.5459994410422703,0
0.8556960939680336,1.4192336697025045,1.8092787506465138,1.9487237724997684,0
-0.2003112715336882,-0.4226366146409026,-1.0711509660789864,-1.253816332012379,1
-0.6449389981140772,-0.2974901516967527,-0.4527895437322565,-1.1823252558258557,1
0.0954703125686306,-0.541372376031858,-0.0298282764851854,-0.4788793680255406,0
-1.3122859418296604,-0.9602093967403376,-0.8361556228657223,-0.7065723465005165,1
-1.1127857577460791,-1.0382512957866277,-0.3888653000377526,-0.2865720343008966,1
-1.0089914598562553,-0.59815728831663,-0.4463664287799306,-0.9289149526138748,1
-0.6898688248629197,-0.6830372582939684,-0.6429617080689656,-1.33102834565302,1
-0.2822489316254607,-1.089835226713326,-0.4077251979351446,-0.2936365422648548,1
1.7198285144500562,1.84210396321074,1.714716481124515,1.6795524178151602,0
0.6121737600977868,0.5930211387558653,0.4071201343693901,1.032832802563709,0
-1.1699694887852428,-0.171354317140047,-1.1091187009234886,-0.6956410754680428,1
-1.5029493317968086,-0.7224267399289082,-0.5189622626827236,-0.8164151094356041,1
0.04443493971966617,0.844787786289736,-0.11125972605313483,-0.15449921258500987,0
-0.2029982541894504,-0.5044700615410105,-1.0724189996253362,-0.9983903907960128,0
-0.5003088300611465,-0.4621650299053066,-0.759247115838767,-0.8431121162089648,1
0.8674400713114674,-0.1847778336358229,1.1823742141625324,0.0828720483128923,0
0.44312457493344265,0.8461019015415573,0.921483385939707,1.4509141054929955,0
2.1294272535163765,1.634554136858684,2.2792040163312866,1.660365853977484,0
-0.999291044124925,-0.6369120220066077,-1.1378903131187403,-0.6943839519425355,0
-0.589374394008796,-0.9809835288030386,-0.8441135874855863,-0.7493952451876686,1
-1.0450725508943632,-1.0303350447704611,-1.0393615975739032,-1.1796263573928931,1
0.3909641306202409,-0.6526293275736748,-0.4658207260533822,-0.1524798843362119,0
-0.6698148395865536,-0.7776863534044278,-0.6013511017945901,-1.5441332204450324,1
1.6520403740383662,1.4807600997256858,1.818865907750656,1.726733664381986,0
-1.6487863251705273,-0.3029321894268382,-0.5723806523449764,-1.315944585679566,1
-1.4249623812530627,-0.7632090895203122,-1.382498839726575,-1.6736719088489362,1
-1.0088436123703108,-1.3176663059680394,-1.0178444847389805,-0.6069373048523534,1
0.5688171882159461,0.3046450939660012,0.482756607625643,-0.5398892998325562,0
1.3341413745716852,1.591825592503236,0.9589235364421425,1.842298969569746,0
-0.9556927703599196,-0.3812969285800325,-0.7109403642702885,-0.3751514784128893,1
0.7127643781752362,1.6280619829993683,1.053178291694286,1.2958717860128983,0
0.3608449521532694,1.1736258213201436,1.17404820600176,0.9159650503253364,0
-0.6684505952788742,-0.2900434812192016,-0.8883110861211742,-0.6851440715399821,1
-0.7506879316363075,-0.9627891746003,-0.8396664319858661,-0.9787375607774059,1
-0.8543867809354276,-0.8408093446859668,-1.0949897241077595,-0.7813292813314541,1
-0.4013339160444867,-1.0190199228857322,-0.798831196085143,-0.7812651507866887,1
-1.0539477402152149,-0.8044286949359901,-1.2918032665596852,-0.4038505426637608,1
-0.5153527396050687,-0.6496471686309158,-1.0035117973453616,-1.2857195727583237,1
-1.1829077238321264,-0.7567369434061055,-0.4525730784431312,-0.5783639415190068,1
-0.9774170419022752,-0.1983651306856351,-1.129367691559432,-0.5322566629271295,1
0.6610024705497881,1.0147778572702595,0.5231500497266977,0.8969147658321722,0
-1.238415708737452,-0.9278697375821297,-0.4509710851406292,-1.3597018549723332,1
1.458739156559845,0.8621930000752657,1.4108577952576409,0.9099196862922848,0
2.2718141657044124,2.0273525145570304,1.880639757222668,0.8556081298148723,0
-0.9238766174394298,-0.9660878848209428,-1.0285976336924147,-0.7208444679760692,1
0.9246373073081716,2.210545260699464,0.8364017006185759,1.4541572454418752,0
-0.7530526964649736,-0.972792758531644,0.272593449635737,-0.3141069563640538,1
-0.663986564676821,-0.8864048035764295,-0.7677892827880157,-0.6294173678819399,1
1.6139166787915344,1.0706850247169446,1.2512605603110811,1.7105417461313495,0
-0.8704384434619501,-0.932586645550325,-1.1827212668357838,-1.22899304218741,1
0.5613044330599928,1.925678227157664,1.277664228298197,1.7572062108964437,0
-0.8538675206783364,-0.8852379688519739,-0.658376220348332,-0.8250610110472015,1
-1.525337364842214,-0.8332937034120497,-0.8867107020850634,-0.9132702626406656,1
-0.8543252918154162,-0.9140041307913264,-0.83057376957738,-1.0102511963020495,1
-1.2015501170179033,-1.0212614683022263,-1.344406474834153,-1.155799785358289,1
-0.5271935307645401,-0.9404032601844748,-0.6583350491473935,-0.5968707355198435,1
2.314903291735849,2.014953188546249,2.05127599591084,1.9303941087628689,0
-1.049002989678066,-0.7719574271231506,-1.1917871179276416,-1.4340313896152663,1
-0.8030921572688848,-0.6341102765944371,-0.6738334746441288,-0.5525182015819874,1
-1.108778972548884,-0.2522855327916621,-0.936502351576854,-0.8309099041568051,1
2.1449757375858174,1.2667476443036711,2.2731408817359697,1.6203205490000248,0
0.4771897073761878,1.2269816221534713,1.0001587058238723,2.189430757461018,0
-0.4365184065665943,-0.6908833693666325,-0.1775529102412397,-0.3612768215366169,0
-1.1577097692324043,-0.5755750984344786,-0.7150569491914444,-1.0210263569161946,1
1.75082945364819,1.6557898390342962,1.5028178031337265,1.1505787554238616,0
-0.9709240780731085,-0.6370900829862964,-0.8288421676359442,-0.9171246418341802,1
-0.8449319287830348,-1.1140256805247204,-0.6491441845089267,-0.6716311359956189,1
-0.6819620883402355,-0.3522918173167612,-1.0401980811681748,-1.0501172172238484,1
-1.374096751179195,-0.656565281458509,-1.0941307404025906,-0.6778392039639811,1
-0.9935434383716624,-1.0957874799576517,-0.8903345505254517,-0.6207003535473745,1
-1.2353791741139246,-0.2911316695356352,-0.2645044460859596,-0.4814513364206865,1
-0.9594513987310156,-0.8477405218847643,-0.928862572184186,-1.2640387142159086,1
-0.9801499100360354,-1.0744458055200488,-0.3434203637125219,-1.0377817068988269,1
-0.456985140697819,-0.8923697843936157,-0.5403002634161989,-0.8941482203757003,1
-0.3895523228113743,-0.0291680252537454,0.2304081508687699,-0.2551481195946238,0
-0.8870798554539748,-0.6665306780322955,-1.1399621411463752,-0.774072363651817,1
0.5685353696328563,1.0704327034710477,0.4243285600764913,0.6790912348185875,0
-1.0567763397870698,-0.79421868947781,-0.5286415431087566,-1.3774114198741398,1
-0.5782909911770177,-0.3612577290195075,-0.7124736198219122,-0.9706399302018076,1
-0.7260279095117241,-1.0560516967149125,-1.5740612566503749,-0.3730598690609011,1
-0.741566802656785,-0.3273838954813612,-0.599619036564842,-0.9280522038143056,1
-0.306792282699839,-1.6554150275093904,-1.5915259599795806,-0.9794575110768616,1
-0.8659561739772049,-0.3915467025176652,-0.978435973459969,-0.9669866707203104,1
0.9865507997030187,1.0832648564250902,0.18964407000150785,0.7580046079720498,0
-0.8054221344715586,-0.5998752196720747,-0.7945005956087878,-0.1266581730634596,1
-0.5674194098153532,-1.0652656327753802,-0.8220684709201767,-0.8370475442355528,1
0.7493641870281781,-0.05592750024780946,1.5418198961223124,1.1280001665255979,0
0.7418895289971715,1.0979186714758205,0.6384826706400695,0.8637088507742515,0
1.288333184067694,1.224107035876738,0.926071926491178,1.1662196880620952,0
1.036836108790763,1.5062071156521122,0.6265511382503645,1.236720081101597,0
0.4842166986063794,0.9397322944816732,1.1634964283978269,0.8465661586343469,0
0.324139373435314,0.8993656002380439,0.5233928679066062,0.3590210747699355,0
0.0422958346640319,-0.2670717587004803,0.5938333049053731,0.1426934355548154,0
-0.1929497619698921,0.8715813577613183,0.5091363149940168,1.2260908942838131,0
1.8655835758472648,1.3984948037605511,1.9296058068370088,1.1684541380411468,0
-0.4713695529484292,-0.2087462245031519,-0.8972606823546974,-0.5897214152006299,0
0.6083266412694811,1.7773190389035074,0.7048669406678196,2.1793717890631017,0
-0.4755991905788572,-1.065660972745158,-1.3609023243886993,-0.8733295620205049,1
1.7631942428775553,1.9599869665734904,1.042577037995236,1.8648010315083243,0
-0.6870349923409625,-0.7318767085880887,-1.2783234465267126,-0.9420020876635792,1
-1.072850957497173,-1.024537860049826,-0.5482248481584782,-1.0088116358825836,1
1.033333014265923,0.9518616626088926,1.4910981329395685,1.2694015472035671,0
1.045574085577098,1.5017516551891217,1.2995696970158157,1.390137046874573,0
-0.4360509134958099,-1.5049050009548637,-0.929406636239488,-0.7460140666574535,1
-1.1325500529874215,-1.347643043187982,-0.9235511860245492,-0.8635501684682614,1
-0.8010221532732282,-0.5959281242300714,-0.91388858928209,-0.0876075896978559,1
-0.4732215701126113,-0.8549126758011292,-1.2265146768142738,-0.8059489248184536,1
1.019598777851632,1.286437334450385,0.7675966980716213,1.2404748336983789,0
1.0946585797872448,1.876381633315236,0.5709370951276218,1.1416320968819722,0
-1.4758438699788234,-0.3689350003703605,-0.5961582385185294,-0.759897512252714,1
-0.6666289953507943,-0.4337189302786564,-0.9898351237711372,-0.2167976288142036,0
-0.8774755504601591,-1.136519269082164,-0.693114561315565,-1.171717631909933,1
-0.6462939405461424,-0.915229452690542,-0.7941380443468616,-0.5463300349961465,1
-0.5893082725877038,-1.0484443578576186,-1.2897152547001938,-0.714697427118792,1
-1.025851664941397,-1.0349111656828802,-1.181928296915406,-0.5752035629986534,1
1.8855914836736012,1.846665766610012,1.3902132502167546,1.9258833850352053,0
2.157357687677381,1.505886383932878,1.7429004822549563,2.37153146395666,0
-0.7780686941958193,-0.836019648200006,-0.3864806263959116,-0.8118959000415952,1
1.22619598870721,1.4799295669409094,0.7854400032608562,1.8188542892573143,0
-0.6606339023583495,-0.3897607433908735,-0.0918311895844798,-0.4138363802303702,1
1.677293244029789,1.5058563064719244,1.2583839348589652,1.5300196467079403,0
0.889342222529002,1.1940490714485423,-0.1410521308120818,0.4062208311326623,0
-0.915318057621485,-0.7439220607512709,-0.6081842945689715,-0.8415570895432145,1
0.92296577529768,1.5767984349238475,1.4185130432077873,1.959175019302232,0
0.8537118927341139,1.359016322706359,0.6408337188410658,0.5663110538272084,0
-0.6822319330163692,-0.9630132861259172,-0.5019480760760222,-1.2522210452654068,1
-0.4233309491974143,-0.844686952621323,-0.4659043043206417,-0.8759719248055527,0
-0.7945693760858042,-0.416784209743318,-0.5167655099672649,-0.3157408671564717,1
1.5150934260715871,1.7149327535731336,0.943821484248996,1.4176467090548412,0
-0.0462267263686882,-0.268005243404285,-0.2024049882885809,-0.3250793848000568,0
0.9847890392239262,0.9137990248925558,0.607034132001764,0.5940804015385708,0
-0.6282918648233609,-1.3046274627323582,-0.5847632708389716,-0.48401074112183473,1
-0.4134370605806825,-0.7215069582211218,-1.2823873984234186,-0.8751423592139422,1
1.3956810004996014,1.548034044771167,1.3396186215162789,0.9636909410182932,0
-0.3476605808421983,-0.903323655574386,-0.816581762673177,-0.9697821923511909,1
-0.8243574572051501,-0.9198125638128198,-0.704907251962659,-1.1088409901691088,1
0.4841260674360331,0.7738032586829682,1.200368743087061,0.3145693380198514,0
-1.2498561661475776,-1.1041127547205678,-1.2701365609211075,-0.3230401147373899,1
-0.6359802079123984,-0.7541265271354625,-0.6429107129552029,-0.5682197740598878,1
0.8231945704414785,1.1459191824841823,1.0693537519351564,1.9972452429460363,0
1.9967700432912825,1.5725133477303774,1.703437835872181,1.6995805397568695,0
-0.6632206596230974,-0.7292275593416153,-1.1637152056610622,-0.7833117109469468,1
-0.8753153099556418,-0.899066279385784,-0.5019417141166487,-0.595983913676957,1
0.7175682371790105,1.0722326360174494,1.0740377654357862,1.6950207355227402,0
-0.3195079738832027,-0.2847627907788704,-0.4079516283709151,-0.6561399197919782,0
1.3536642961445162,0.6959382598670432,1.1464827548491876,1.3710149713416462,0
-0.8759182506772575,-0.6648914593353267,-0.7530861229073847,-1.536600690880313,1
-1.1514435076892866,-0.7025269091686288,-1.2173222683731866,-0.8785699252484213,1
0.7316280803260194,-0.03833785941610701,0.7024186352619957,0.1426036269601626,0
0.1886429294255265,-0.2223501112999049,0.281735360819115,-0.1611837374621764,0
2.3848548459459704,1.8001968050678747,2.2451232355231245,1.2689943830226105,0
-0.1372140773568602,-1.1145070274048914,-0.6388257269908951,-0.9084925559264836,1
-0.0118005551731711,-0.2787211105244077,-0.475933836296354,0.2049099001575384,0
0.748389910583591,0.0315165680777353,0.8343565067080357,0.961765980536144,0
1.346184752796164,1.3101668639388584,0.6065027176071076,0.831007961914688,0
-0.0950544526478075,-0.3571865610226112,-0.1667469394204324,-1.251612093002787,1
-0.8797565161038493,-1.2952640110355094,-0.4665270018873383,-0.3963685856359319,1
0.1832519353353928,-0.3410628802974743,-0.1217208280459656,-0.5670227204369049,0
2.0947811541837025,1.742556379547653,2.1914548165425947,2.157755747078091,0
-1.1229550304683515,-1.142729451296217,-0.7690923012601703,-0.8992183713716101,1
-0.6095073700445947,-0.9377338355687588,-1.0212669951226268,-0.7407483438953776,1
-0.000684306961173,-0.5910844465466284,-0.1617370672918599,-0.5788181564530924,0
-0.8050492132282093,-0.7727781484240467,-1.335050384412085,-0.5445395807572231,1
-0.5876394232175963,-0.7306779100300085,-1.1829170807988905,-0.7164755638215737,1
1.9861983049661205,2.3160713252104053,1.6588117945242669,2.3816399000306543,0
0.6765081444857877,0.8189759988849514,0.4544736338865606,0.9812297092508813,0
1.6999388518394811,0.8052757752440877,1.855283335616573,1.4046179045047609,0
-0.617147303180151,-0.2276781575500818,-0.8923320790945346,-0.7757316859490244,1
-0.5295164506030061,-1.086783664091382,-0.652610066439258,-0.8921605098889631,1
-0.9917121807001812,-0.9432893286133184,-0.9853907778440584,-0.7345534494861922,1
-0.9450159425099874,-0.42503335237676915,-0.8434252194532976,-0.9446590920189981,1
-0.9357355968626652,-1.196494333876677,-0.9207079968611034,-0.8217134948376568,0
0.6099437511147752,1.3236869636941817,0.8294668034007306,1.48392930126579,0
0.9865135644336996,0.2334379219126908,2.071694914777109,0.5357694624844105,0
-1.1795233961067129,-0.7568649762394455,-0.9718314991469078,0.1041565767168016,1
-0.517818989893702,-0.643565940398283,-1.142481078396862,-0.9801526608646604,1
1.2452363294348618,0.14820662673009288,1.3489847585803065,0.33550216496422647,0
2.0839750713733776,2.0190839957484235,2.1310896919125586,1.475507255663844,0
0.9074769321465184,1.2194091560093396,1.0472479941386337,1.1210834333507955,0
1.071108393707779,1.424346875755134,1.1928286452844803,1.332761735328778,0
0.8114593524370117,0.8708128412599692,0.5192120538957026,-0.1123186620291735,0
-1.1157812825770868,-1.192763981493448,-0.741317030371291,-0.728556378152552,1
-0.7240319670720565,-1.0961328439774198,-0.9992471716824112,-0.3440714007671394,1
-0.6431028913605331,-0.3309080482884658,-0.8055330833756003,-1.272938070632872,1
-0.4824603310525335,-0.9339431026970296,-0.5637135538572341,0.1961016266206918,1
-0.013231040997744525,-0.8099814297634829,-0.9590086494296424,-0.7568593480837207,1
-0.309423615056728,-0.4772472056264497,-0.0638187526087841,-1.0814487925877976,1
-1.1979991380502368,-1.782457470458977,-1.0783851945510778,-0.454463667150719,1
-0.0848643933716641,-1.336879740293342,-0.4118267922104899,-0.4669311091482876,1
-1.085042781682876,-0.7538616827253273,-1.4593883531567786,-1.0232070291627349,1
-0.7283257140040156,-1.4007920385677655,-1.0430411601353782,-0.39668943529823,1
-1.2259559694371196,-0.931366456897369,-0.7486147160866596,-0.1176727556937919,1
0.0915247605838979,0.2765283933447573,-0.0075304116785463,-0.0528226042545388,0
-0.5434756316437523,-0.6399857555421505,-1.0286159714859382,-1.1538411731371412,1
-0.7706127380774721,-1.5653619346928025,-0.661950260246395,-1.0290245878170694,1
1.1681238257643798,0.9341169726908324,1.9259340149908912,1.3723997081537211,0
-1.0694489719997151,-1.1439986623799956,-0.3760890024156438,-0.4764253343692388,1
-0.12245572793482984,-0.15813520014033078,-0.6312310076392388,-0.05630283266476943,0
-1.0791296421098542,-0.63730164014968,-1.6753964615813637,-0.9539620493466734,1
0.5292220976563065,0.5915372467999096,1.427132870191992,0.6626808003409732,0
1.6631825947938144,1.6834421205751244,1.6694868640777956,1.9968738326686344,0
1.0820943565229175,0.6082917388631747,1.1147263069164497,1.0052777242988329,0
-1.0477088482526054,-0.6624416164532724,-1.7697386210116073,0.0623462469197959,1
-0.7412937670706012,-0.9841267831595776,-0.8880414760496056,-0.6997516198829885,1
1.9563895513694287,1.9421926995185186,1.798025773894508,2.4969693160410644,0
-0.6267793432215544,-1.3829558330966514,-0.8610390987131941,-1.0752293867015943,1
2.469473718824548,1.8249354874053283,1.4546127327708636,2.283485967617549,0
0.4669009528241341,0.3501776224637888,0.3193629779089918,0.9240823195156622,0
-0.5782935322009414,-1.0421877046680288,-0.5569925319208018,-1.2726896146986937,1
-0.9735055343264738,-0.5215268384851304,-1.3002401460684467,-0.4175175849353666,1
-0.7082588185278369,-0.8335641508682453,-0.6455349323808519,-0.3057318616816031,0
-0.1210576399546052,-0.2785303765965909,0.2827134732755746,-0.6360409830308862,0
2.30178866103858,1.5308186412381275,1.9610558626186143,1.7492536629657445,0
-0.8114215401264062,-0.8130291154502887,-0.7716951527504404,-1.0643871850863869,1
0.5111285186089976,1.0297533378698225,0.6681229118745093,1.255481266325369,0
-0.4642189352632405,-0.9213114851928336,-1.406929969086317,-0.1307168032148056,1
-0.8784509809672664,-0.4583286697824021,-0.2305022479349373,-0.3267560707897655,1
0.6595331281070246,0.6034432250942393,0.7110862789782,0.2005948613512617,0
0.051934108235988,0.1728925440829428,0.3060462838979515,0.5158422586104469,0
1.0900801113426697,1.0268943778306563,1.1933006127516124,0.8694592567291548,0
0.27453185009644143,0.48932005196631245,1.1892761195618873,0.42493117626925,0
-1.1147343791931437,-0.4628563713557663,-1.0563480697136995,-0.5099693076952454,1
-0.1282182255671321,-0.48178859200876,-0.7391157368632211,-0.0749954410354483,0
0.447306493359753,0.5225774069390123,1.3229572160665934,0.8055354759326574,0
-0.0326942462770744,-0.7618233301941726,0.3150805682642315,-0.2169395491197262,0
-0.7491221829384035,-1.6391387949216,-1.204786615078388,-0.35495589394248594,1
1.6886355681459468,1.2684177424226315,1.8611502778103763,1.6008955031992558,0
-0.1061126088020765,-0.2644980431363206,-0.3742214529156517,-0.5649963229473256,0
0.4968044703901902,0.2637449218319082,0.8186156457599351,0.5389324509858927,0
0.1560349487084099,-0.1250855899437757,-0.0611063975288226,0.092496473568454,0
-1.067914403148979,-0.6440252383084276,-0.7051930337325161,-0.7680618613692619,1
-0.9073989983744613,-0.746966513664536,-0.1909753622717209,-1.5163518022950484,0
1.0243962314293844,0.7516744952736263,0.8188226718541545,1.266130177018981,0
1.7356221218323695,1.9092575787071808,1.9795862998859373,1.6340545830546334,0
-0.8946911938048348,-0.0779403658634667,-0.6113858182083042,-1.2529330622266703,1
1.30662980429653,1.4275778329018585,1.4720522946553716,1.629183982783887,0
-1.0267979727563092,-0.6730742870560418,-0.705146824435336,-1.4613883691130023,1
-0.9928536325173404,-1.2953692648126298,-0.7041924306648562,-0.8367287372634312,1
2.0520967978648823,1.9453964325385784,1.782616173329571,2.2467394061224266,0
-1.2755968137942617,-0.6402961931089481,-1.0451906737371404,-0.4531121265416016,1
-0.5494195316850858,-1.2314831286010084,-1.4944581290781502,-0.6060321236266535,1
0.774280759681676,1.4914217913273262,0.8109190730488821,0.8864744519018375,0
-1.1595219603499185,-0.7183282803465137,-0.8423859252349166,-0.990273806887534,1
0.48537460038987335,0.8704046310851778,0.5374080892056947,0.6976328975611625,0
0.4781669303811172,0.5426181892749897,0.1128272126471523,0.217214164245132,0
-0.4294060629260768,-0.870874078982176,-1.1711558676547449,-0.7865845420742776,1
-1.1577974301119438,-0.5810334431159299,-0.3938740489724005,-1.5223013247448764,1
1.8639914083483409,1.4626290480114394,1.8221275571395412,0.9316388971395742,0
-0.9356822537408792,-0.5870505994750231,-0.7569732317943934,-1.300164134822679,1
-0.8690263579193032,-0.9795777683749008,-0.7846122537887185,-1.4283223134290362,1
0.3763894719520173,0.1846989001840087,-0.0429736328222899,0.1142420980925867,0
2.7374592002608127,3.18955026825638,2.633902584049505,2.957964272396462,0
1.1859784756265546,1.406814836829671,1.129537146935588,2.060819784252902,0
-0.8154054380394182,-0.5517776240343124,-0.4209418265819114,-1.043555714462447,1
-0.5161758771498678,-1.0023531216542554,-0.7044740982862485,-0.9087009719046176,1
0.3846853876999783,1.4660346608896355,1.511962894442341,0.9123752903855578,0
0.974314931635896,1.009059912713861,0.913139775068878,1.482815186307081,0
-0.6268038325350552,-1.588103429052739,-0.8206609249373656,-0.7731932701229013,1
-0.6100260753372574,-0.7447871831415703,-0.3823176295775951,0.022855477216782,1
1.124314903370604,1.5775601997995785,1.2055331203897404,0.5609283198240012,0
2.040779258285522,1.8131716568175025,2.29444127806901,1.985488658371316,0
-0.7814932435866992,-1.0372236608007106,-0.4148224936256063,-0.7623838455263342,1
0.6110564217113403,1.6078965380541763,0.9962696534094776,0.948802730728442,0
0.5013987527799094,0.1854580796271125,0.4347816419793435,-0.4849280782936176,0
-0.8857610694663463,-0.8416393213756879,-0.7589234685470962,-0.5371522826109288,1
-0.3460377190317626,-0.1581925516277788,-0.4667605382517264,-0.3978210277408673,1
-0.5536212053154539,-0.8490687641148071,-1.0295880320034774,-0.2104062849483527,1
1.516157631491239,2.204010119678073,0.7465632294732432,1.4307388306183066,0
-0.8444549881308699,-0.6262498267271639,-1.5908447585630012,-0.8712198623107316,1
0.059377774384503,-0.24806444863285,0.3394442914571288,-0.0128527118298661,0
-0.055544386763704,0.3703350544027704,-0.2651277111477194,-0.6045011418924433,0
-0.1769956169754032,0.1527976829499319,0.1107626373895563,-0.2435939809308936,0
1.3895184080269034,1.523860096322749,1.5904854785894478,1.9129056649443104,0
0.9871628487166152,1.1502594372057555,0.9886850926314362,0.5586156783988342,0
-0.4855132988326727,-0.232329025324197,0.1756701862046934,-0.05295285878524,0
1.0790491802746571,2.046947932305399,0.4369893584069046,1.653403395133872,0
-1.2895982147145943,-0.9453709226166156,-0.805482462456972,-0.7607371536934483,1
1.198880698700377,1.8532160682197967,1.9951812890057603,1.661053120506749,0
0.1924616741078519,-0.388927340561515,-0.8377656348969306,-0.2309823290638334,0
-0.6123060661024085,-0.8645114340540986,-0.7276295896555667,-0.9348205456387295,1
0.218081587343442,0.4723598689278377,0.3638691779809319,-0.1227064413387046,0
-1.2272464907979386,-0.964347247748616,-0.7729785621059191,-0.3968749229845058,1
-0.6472113498022729,-1.2114044698443986,-0.6727321481988279,-0.0555268620378767,0
1.652573722431811,1.293680988811036,1.5145699661271763,1.794506696602764,0
-0.361508802599123,-1.111006915236466,-0.602762779188271,-0.499236385302074,1
-0.6341885252093211,-0.810829216382146,-0.4305167260874905,-0.7174708804918426,1
-0.6466134075076806,-1.474084111788121,-1.5342780264433156,-0.5325848441335014,1
-0.4607732663297762,-0.5665088602538602,-1.0740562769460211,-0.7309365668781649,0
-0.9757633483628598,-1.2969326715208251,-0.5621385232845497,-0.5427718336146548,1
-0.6262409479818669,-0.8635202651491716,-1.2718386900125516,-0.469117153335749,1
1.778095078344046,0.880992797928021,1.6106350887695609,1.1455800498806654,0
-0.0861332423487221,0.32681699912497475,0.19736481178104914,-0.04771152100785081,0
1.368736969091385,3.095965381283353,2.4857029727599063,2.0764837448007074,0
1.1113633497237436,1.5636140906702898,1.2412570006349832,1.3883769980299123,0
-0.2013748726214816,-0.5182288709909226,-0.3827739129032141,-0.9693802215640468,1
1.3251435816993318,0.7042107392549074,0.4354781222386099,0.9433409882394476,0
-0.4647154006694186,-0.8368363567284685,-1.0148094315071816,-1.3778536652905211,1
2.0573558237124807,2.0827138110797,1.741887137516681,1.5288910319414308,0
-0.1809521457479726,-0.1153690295873471,-0.3108684280472636,-0.0814437864275239,0
-1.0645882088850884,-0.6649103842789975,-0.6646776325676659,-0.6148004270273886,1
1.0700441836651662,0.6486813844653767,1.0653466759590402,1.2124596299621977,0
-1.0618891307985654,-0.6769222166632023,-0.8619463666364865,-0.949823853733682,1
1.2099603650804471,1.0775849205050474,1.210045615034119,1.84189737344649,0
0.4594559710769667,0.4416887032567829,0.5373094860140357,0.7156072979478733,0
-0.4988835676164185,-0.778856143991326,-0.3208549345586692,-1.3170995105340548,1
-0.2337085649092229,-1.0239098480426536,-1.373272463907444,-0.5322929541829862,1
-0.6824422389968644,-1.1345421826106292,-0.40264191733214283,-0.4103827135633324,1
-0.6559524947487352,-0.8173305715815123,-1.3069013401047465,-1.2917711167833394,1
-0.1141878993455758,-0.7297805205002023,-0.8848537403767945,-1.3717339889737628,1
-0.7323543109998332,-0.45323137877954717,-0.8310267364771358,-0.6415990601654242,1
1.6963530246501308,1.742591158942321,2.793931382282115,1.6666661617900778,0
-1.169740906317693,-0.6821826848432652,-1.0060347633039262,-0.5788872415782379,1
-0.1346112624724642,-0.3750365548444347,-0.9789803231002604,-1.2123459984784102,1
-0.7301048839118791,-0.6117772666961214,-0.6835768116214692,-0.633021650992615,1
1.120761848384132,1.1111613291717943,1.4865415283840013,1.1076524491474617,0
0.6649868908436904,1.7274056919808702,1.4009644770755707,1.5262722644886402,0
1.4349129914535963,1.0738796821045544,0.8554416716576234,1.9325531640901203,0
1.4174516115541116,1.3784866266640448,1.1544786223428962,1.1316107212961826,0
2.142399412186288,1.7507999445282891,2.062623032564056,1.752289240207626,0
0.8639704974514479,1.8317002142440733,0.65336244189915,0.761102779838028,0
-1.5488862819594007,-0.29222041943504695,-1.4819923057273563,-1.1610197360842416,0
-1.2963795028329672,-0.3682882214083733,-1.5230078627265082,-0.7545076469024441,1
-0.6900456872293531,0.02962135591387649,-0.8371687148566771,-0.6911145068038888,1
0.0301152720772804,-0.3052507190853651,-0.1301125117383877,-0.195818314945419,0
-0.7467495933847603,-0.9471408730034386,-0.6794483333248424,-0.9657584883976181,1
-1.020928896431559,-1.1302229572684142,-0.8354703525618966,-0.665233370565007,1
1.4602530233687558,1.7815325033287537,0.9479540534352972,1.2308666785057565,0
1.0574649661434985,1.638736825842456,0.4455980509876934,1.7917517484366332,0
-1.166251449343397,-1.526101139158323,-1.32863330185992,-1.276982402617352,1
-0.7201985091869988,-0.7218904347404569,-1.4095938177432483,-1.166940386278255,1
1.4036101566896249,1.723805974434098,1.094148979378634,1.6012126365388113,0
-0.9736661271874674,-0.8468390076202927,-0.8099391744936025,-0.5916989025267664,1
-0.2872151272315647,-0.5824827810374191,-0.6373921559830491,-0.944628851880392,1
-0.4829777088810749,-0.9999566672449375,-0.9495162485233458,-1.3728182768090147,1
-0.8288130326713197,0.4854224445249114,-0.5530353518360733,-0.1449654295324951,0
-0.8805948484695613,-1.1368281424083786,-0.792962778459982,-1.3638227786814088,1
-0.3133532399132335,-0.4698587881448443,0.2126366537319221,-0.2041041876211313,0
-0.3883299911690485,-1.2529999938876055,-0.6643544341903453,-1.3094782867283274,1
-0.9307037641229596,-1.4867145334651577,-0.9394418629277872,-0.8901592157587919,1
0.5790771225640172,1.4236785785753905,0.6035568872257787,0.6972063828738769,0
-0.0876148731554771,-0.7602883788594526,-0.9016763134272102,-0.4904495301042499,1
-0.393957334605502,-0.6712351418492337,-1.1659593469139606,-0.913191783064096,1
-0.259442557490153,-1.0741772942242398,-0.29504185320031384,-1.0128973631787594,1
1.4481566484595587,1.2489543897062765,0.7978187194684837,1.4265812724571345,0
0.3272054466574405,0.3105222004342485,-0.1285805949635019,-0.0810883135627422,0
-0.478905536002772,-0.9234717004054795,-0.4077606486990764,-0.6606314202949216,1
-0.1427865801462993,-0.6358536643358468,-0.2619186854637644,-0.0502012905724539,0
0.8000608937922972,1.425065590799191,1.5165920806247142,1.3453877666280971,0
1.114965490357912,0.9179693965087824,0.6286080762724214,0.9840408738536257,0
1.7495757942793395,1.609781510938586,0.7369982783848451,1.495809836577508,0
-0.7805367414529315,-0.05193037040486115,-0.8419622339408646,-0.9328982995753152,1
-0.8646014971071747,-0.5661011844709376,-0.8263278455199452,-1.296610284303835,1
-0.3695013505626268,-0.6335934619791892,-0.7384576684052975,-0.631295727900161,0
1.18331094274751,1.701756002899108,1.088133258810714,1.7186157704365943,0
1.1964848560448815,1.0338841511451058,1.2231040723294542,1.414357943047676,0
-0.6969051561625519,-0.9685601275737594,-1.0905516096137118,-0.9956703956276765,1
-1.072051509594218,-0.6512862804612167,-0.4146384508278823,-1.395569397880585,1
1.0101668935004473,1.6448879888181724,0.6179330353457123,1.4353873083502142,0
1.342200163326635,1.5205702561321504,1.4976513602621893,1.1752594705250046,0
-0.40372590607117753,-0.3502123886914115,-1.4116449298675602,-1.214266881031601,1
-0.0482702832710086,-0.1914670389791224,0.4310732722970886,0.4303009698040483,0
-0.9493711818917521,-0.9459061886439443,-0.4593438183454708,-0.7905349203077362,1
0.7105538578553889,1.5548168923725412,1.7480091562797484,1.8779666836254552,0
1.1941193468224687,1.1439136139084436,0.14847536892419333,0.6470508634451889,0
-1.2886768100085302,-0.7571764322849109,-1.0658287660560055,-1.1934084538560406,1
-0.6210522649154107,-0.5138580619295721,-0.9939606469158072,-1.826831342159222,1
-0.851371512131506,-1.127979304888982,-0.8295657528610182,-1.3228100851186884,1
-0.6158079848200506,-1.0411665783770592,-0.4383595141642398,-1.22910190552307,1
1.407894188773255,1.1725812607543462,0.5632674703312319,0.9209840205924128,0
-0.9290720390828372,-0.9783216832321124,-0.7610999717225062,-0.5298487568409258,1
0.5997866057672696,1.11467524126911,1.3617764152302319,1.3059880027279054,0
-0.2189001025588104,-0.3863785575630468,-0.2056835782260155,-0.0865101558019434,0
-1.4482932458437074,-0.6765325626482703,-0.6893142055186863,-1.03012096688898,1
0.9826530221923432,1.8525796497339289,1.0093194585122156,0.7431751317317129,0
-0.997811328286944,-0.3979091476460414,-1.1749898986283585,-0.6371565323808799,1
-0.2450208963816958,-0.8879741449963188,-0.7581179980729489,-1.168752205771189,1
-1.267666738400648,-0.1870776056564114,-0.8366680580715595,-0.7861766977881119,0
0.19708787816443962,0.32641795270182794,0.9001074953621825,0.952192513801064,0
-0.62821298399631,-1.0158865614673984,-0.3760067688337055,-1.1360959356730247,1
-0.6905703738130966,-1.1139020210169557,-0.794046015877017,-0.6973073343680163,1
0.4652249097934749,1.882748336711012,1.3168464862617104,1.3398827313878112,0
-0.9517207327554253,-0.7757819341222405,-1.0160499063633335,-0.9808925416687155,1
-0.12969034100265153,-1.0595132437913883,-0.6258024851978693,-0.5475397802225815,0
0.482275575005983,-0.2281299431632048,0.3361135941398823,-0.6686693428953695,0
-1.1712880360548454,-0.1128584519615745,-1.4446680887904604,-1.002761791669733,1
-0.9530157046361196,-0.94469433361649,-1.4330006569504916,-0.901770263142157,1
0.9779944972157351,1.1438215739291027,0.24099161200380426,1.0227611641186989,0
-1.1910948837284976,-0.183097006714259,-0.53791287211407,-0.892578693488661,0
-1.1900878190426778,-1.0455041856516545,-0.5985039288783088,-0.072066615136803,1
-0.5602667596058895,-1.0817690227680563,-0.6964319003238607,-1.2454154137923483,1
1.1196958137015514,1.8003933927669733,1.7055928343817208,1.1152629779307204,0
0.38412481663081904,1.2760304789172414,0.9180311898707149,1.02067642797213,0
-0.4835756027362413,-1.0133050638531855,-1.0290521231187386,-0.8854758181817801,1
2.29266488156628,1.8984955423465693,1.848494912336028,1.9359056202385416,0
1.2075926449976946,1.994352303237549,0.7922764369481656,0.9022648388847556,0
0.2722823185848971,-0.1209827030696117,-0.0999206338224532,1.023063772119813,0
-1.185394381162066,-1.077218934375925,-1.4986194075544002,-1.0601599205303016,1
1.28277407952519,1.3878892141476058,0.9594475082345768,1.164325133797044,0
-0.522337710255872,-1.2099053792004313,-0.537880877443858,-1.0087426194495999,1
-0.5253688914980339,-0.8180732992033392,-0.6954697696350093,-1.1539659673301357,1
-1.0462218214469845,-0.8612283759286252,-0.4660647145838126,0.04121070313315289,1
1.293352990991812,1.0041596775866937,1.5857939499525868,0.9470524555305162,0
-0.2887338552280284,-0.6668951120505505,-0.4639075292170694,-0.9069707763114704,1
-0.7913931214921769,-1.3244882710284835,-1.1675332956528421,-0.5995040759564217,1
-1.4564591516086054,-0.475631035097856,-1.0183551644911903,-0.5436542309543728,1
0.9778013933737308,1.5458730225662674,1.3623540306798367,1.28419897154137,0
0.4938943905736882,-0.4509707752636703,0.3752385445309177,-0.141049360692645,0
-1.0775514316086428,-1.136332963403304,-0.9074011071036152,-0.3626036268194519,1
-0.7873851824091507,-1.240257142582466,-1.0558918054406088,-1.108890133583343,1
0.2460521397417238,0.39576663618720687,0.11860125249163067,0.22363026215544057,0
-0.5853486980195268,-1.679581879168552,-1.0991908672192916,-0.2362359035128336,1
-0.0831091069420771,-1.2933570613515364,-0.9835143178295088,-0.834424740714004,1
-0.5061039322358902,-0.5544417516009321,-0.9309739448326597,-1.0821839415688304,1
1.6954034855338402,2.2827884230782614,1.4282949068689832,2.062105114241286,0
2.352048123416064,1.7787340230305313,2.869862558200229,1.7370301251300793,0
0.5033458387270184,0.8693603481047909,0.23157034532466714,0.9357225143612447,0
0.7697155123228252,0.8576426316493131,0.0340724237558342,0.5136174075407544,0
-1.1893604125125865,-0.5974696431970469,-1.0373646555578335,-1.1993250963461688,1
-0.2682736764796897,-0.6793576156368117,-1.2608975071524209,-0.3481133032984663,1
-0.3183378206853963,-1.268278550685325,-0.8736549704906513,-1.1579692742275864,1
1.3314586335367942,1.0185759356697233,1.37087381141669,1.816655911858028,0
0.9267059919086862,1.3993226657223763,1.283705482113863,1.4066162610820088,0
1.1815534621198327,1.4378026050562085,1.212640403766124,1.4980414573667356,0
-0.34036072501091513,-0.9650957450396304,-0.7072328259708349,-0.31663389519380997,1
-0.4204742447018148,-0.9981488470208735,-0.4898429287994886,-1.043108762088871,1
0.7633392790781823,0.1242284457068007,0.3839122115781322,-0.2619724424166308,0
0.24144323865490824,-0.6935994634772201,0.64531159465984,-0.02673424780442979,0
-0.7604318343255874,-1.5780722978483337,-0.504342721930723,-0.887544569645841,1
1.7969154834179866,1.6977390617436467,1.9054709599557575,2.408640299628314,0
0.8949389204642365,-0.017498176619999195,1.084206000239413,1.106683810703693,0
-1.2200210969121663,-0.6070475845814167,-1.1357535534577208,-1.1726595337684542,1
1.0257615403728255,1.3377147386570574,0.8013322654660258,0.9525305929639256,0
1.0300648989877785,0.3728689113577157,0.29901824027342117,0.38625677961313365,0
-1.293909130414244,-0.9831733751397379,-1.3951310075949452,-0.6057457036524047,1
0.0341690236396074,-0.2361038339146588,-0.1810740071591755,-0.6952491125765161,0
-0.9820033629239902,-0.8733628965092848,-0.9871909790794192,-1.244663247086978,1
-0.409434416958576,-1.4942773911590472,-0.854131141984307,-0.9515553745997489,1
-0.3942206528228633,-0.3025407601277473,-0.8221406967461886,-0.493478276328756,0
-1.003207572754025,-0.9412675547561002,-0.8979140142489512,-0.4488760868026008,1
0.6712825253863295,1.866976026866092,1.4393007238823174,1.3111777091453012,0
-0.720295370340333,-0.5337069118026656,-1.4664518373600357,-0.6815813759422376,1
1.7093305892304709,1.3311487111587628,1.593384683590725,1.3201088420913591,0
-1.010795488263995,-1.2101043703936358,-1.0646087870936165,-0.7635779740155342,1
-1.3509094124074088,-1.1989888274962088,-0.5251469224347597,-0.5951174491309015,1
1.2072052472710388,1.5487963601249062,1.294516882200607,1.4808905007186088,0
0.9283214873220128,1.014818875856503,1.1041054342990877,0.3173977435197213,0
1.3737219073440234,1.0512621971443732,1.3491241712705506,0.9764619906821644,0
-0.4362948046043914,-1.0259516461785467,-0.8024291928177626,-0.4918989238083171,1
-0.8874120100450563,-0.899323892282081,-0.459423943567536,-0.6202494487158358,1
1.84424814010428,1.1912486342078945,2.0192909672494515,1.8458853131540396,0
-0.3058581197274866,-0.394146410578814,-1.084972558646958,-0.54687307109343,1
-0.8895775614521803,-1.2740646105758258,-0.1197266921463383,-0.2828460970592102,1
1.61004937774397,1.1288090440684366,0.8394539362031344,1.516921269414487,0
1.3415787137844348,1.351164231193204,1.0412599254468815,1.273967118000731,0
2.4495066547873767,1.2755870883007083,1.8259263540622106,1.4510640807155655,0
-0.2639461976308945,0.1961811171210515,-0.4260499631902235,-0.5650871713016775,0
0.9124606201149272,0.8525970131209197,0.3192628704155366,1.062469330634651,0
-0.4857320586165573,-1.1504138079288215,-0.5050355360831069,-1.198215062977717,1
2.113830549269005,1.427519932208317,1.6087756632717083,1.58712368050691,0
-1.128975620514283,-0.9896173060840482,-0.7214929238790523,-0.956520980119652,1
0.2882624974909616,0.0299779507698374,-0.3179991189502196,0.546121459220462,0
-0.6944076101820513,-1.0955420050859537,-0.1668116869161319,-0.3835730712479959,0
-0.6053133507530877,-0.9042458886156364,-0.986371001962385,-0.489248258706336,1
2.6415663866830137,1.7068044187316884,2.4206290526069103,2.2296267674492056,0
-0.384280447228702,-0.44934679786179677,-1.0768840240064255,-0.5029424767102528,1
0.23243504651897573,-0.3093063556928043,0.09886768566216197,0.05617402772486557,0
-1.0611419168831837,-0.790296622951584,-0.3718427083379448,-0.8160600163159164,1
-0.3002241080251387,-0.9605245847227664,-0.785213389581197,-0.8894780987004305,1
1.4370388204029043,0.9434237728221562,1.064426366391521,1.8205752143825369,0
-0.9358354243740296,-1.5350304789458462,-0.4750179212181615,-0.7001937377684667,1
-0.5865122848133203,-0.9775637836631657,-1.175767264057035,-1.7967255390628385,0
-0.167385994613248,-0.32579833118811796,-0.6865714836298152,-0.7251319292702906,0
0.9514197333779332,1.093467716536051,0.2045768030980969,0.8342729467409915,0
-0.0501111309828338,-1.3300659186008987,-1.4947931099326772,-1.314196067749991,1
0.1610813506893914,0.0227575096007384,0.3363336423794857,0.3600118551738355,0
1.0942663657824716,1.1283746218302118,1.0588846257324276,1.499317188077602,0
0.8838194727770776,1.2207855613030167,1.5186682838211532,1.5721867303869188,0
-0.2585064591006203,-0.3855482419653099,-0.1004516117411836,0.319116445851606,0
0.1688890128151587,0.1602771128566336,0.3025268783819483,0.1874973928007438,0
-0.19126040901748542,-0.6561304573697728,-1.0093889391958086,-0.7431990240661404,1
-1.0764266488180685,-0.626889117519129,-0.7517391270069201,-1.4948728680679504,1
-0.2448139714996992,-1.0245360531744807,-1.4031189669484214,-0.3415860123430979,1
-0.7342149541597978,-0.9378996705343056,-1.3159592389079973,-1.0943057918337886,1
-1.2900303198952907,-1.035977531843624,-0.7900677403623914,-0.31220320039351124,1
-0.5771096257521806,-1.033752123803121,-1.8438198069038187,-0.3625997486914059,1
-0.0727941427780051,-1.1434724676423869,-0.9212636375601526,-0.7097988525366573,1
-0.1606446393349139,-0.784909078263418,-1.0955005866862046,-1.198240883342817,1
-0.5799687848787478,-0.4956856356048445,-1.0344011423380362,-0.8895404542155187,1
0.9978305769529241,0.6062370547402354,0.7774857724571655,0.5268080161215752,0
1.973893225115303,1.1105313289323289,2.819663175413688,1.344952770413135,0
-0.2536026990608091,-0.6593587131826313,-0.3682687234120916,-0.7249105541367608,1
-0.6829281973413087,-0.5925238019658793,-0.8477957153271211,-0.8173702546677117,1
1.50917449464392,1.9462568200997796,1.919138032888633,1.8853882413373713,0
-0.0228787863837529,-1.2493103527288243,-1.1811015045451785,-0.9719239311345432,1
-0.8558377453666385,-1.2974652216402496,-1.1375743796014806,-0.30518736565851945,1
-0.3710852641415475,-0.7072502582408022,-0.881721376518084,-0.820029119336197,1
0.6047210857305714,-0.3008352893903802,-0.33299553514783276,0.09309603752243534,0
-0.4007419091405664,-0.2536428858727891,-1.0094473350048334,-0.8811718033732112,1
-0.5450089467163313,-0.4314875154490951,-0.9539249310905196,-0.4923499349409455,0
-0.8989774404530773,-0.9341762363981634,-0.8262362257556459,-0.8061870704686603,1
-0.3537260624462109,-0.7861089282240878,-1.237045851631823,-0.3520413379223547,1
1.2213832920550824,0.5461322052509819,-0.2957368704051243,-0.09088145763389466,0
1.2118261448520582,0.9415886672344506,1.1023484895737228,0.7632354539922908,0
0.9277144758609333,1.9129275008835296,1.5669359069866349,1.6926186430352097,0
0.7447463463681618,0.3226502700130033,1.0566451010751896,-0.4842325920101957,0
-0.5973992675554234,-0.3252662022496496,-1.020083723971437,-0.7851027663345064,1
-0.5244585410689953,-1.4414383066391758,-0.5775404511946067,-1.1694674008169643,1
1.3013659700975624,1.5831746293957991,1.411409718463831,0.9584331058466744,0
-0.8630104653265654,-0.8473308137883552,-0.3480254276445776,-1.071495857038617,1
-0.7611623876806095,-0.7645959684064556,-0.660996390343976,-0.5033238786088986,1
-0.7675166276398564,-0.5070564932414161,-0.5752211433172818,-0.6002611026854037,1
1.476427931196524,1.3438216103036271,2.118117292012065,1.9990467115895896,0
2.8279165342638075,1.467270274254374,2.2737577449507262,1.539023428036832,0
0.1901317379102741,-1.196273445419066,-0.987354757279236,-0.6746655694098469,1
-0.8790345646710314,-0.822500624121123,-0.888028053843734,-0.4465601629655428,1
-0.7481898174965983,-0.699002804412374,-1.0750931123444651,-0.556099745440082,1
-0.8170186791580981,-0.614685406235716,-1.006884211512364,-0.8292400544259388,1
-0.9845841200236886,-0.5140067620871485,-0.36630899515752263,-0.9786275931692076,1
-1.5484466962558223,-0.0740757047227504,-0.7575291035569371,-0.6499067155265751,1
-0.2499725815441899,-1.007672435030251,-1.0856766887824962,-0.7945016993893492,1
-1.6298707304035116,-0.5321214147905196,-0.7483831488219788,-0.6435030341763759,1
-0.5299367955592433,-1.1189183840158017,-0.6245801819463417,-0.946799787500656,1
0.035358352490248324,0.8285549664666304,0.3434275629615181,1.3248261225034752,0
-0.9288847161163788,-1.4852397992844066,-0.9946174315420524,-1.2068700822579963,1
-0.595073610944782,-1.1620471227658662,-0.9872656259088965,-0.9012440691319111,1
-1.1071965415112281,-1.1929627471418314,-1.378027422214374,-0.8972296717044037,1
-0.0564039752487417,-0.983082852250782,-0.7508530350043914,-0.4140799074786922,1
-1.0114538723384725,-0.7450515434807459,-0.8809266346828902,-1.059012876354643,1
0.5946070773738988,0.0444054125033812,-0.1341173413877827,-0.2531868674659718,0
1.2006274058830697,0.8284110905701294,1.0517547289120228,1.1206973208924245,0
-0.8068823186827326,-0.6732584356518249,-1.0287747612174811,-0.7466452314093317,1
-1.2787312128879798,-0.22868139527670783,-1.0683905153318995,-1.0188950609306937,1
0.1468826177313147,1.0056217249753512,0.8709028583218437,0.3321962958983236,0
0.104256861845025,-0.5535053724562954,-0.2286199762628496,-0.0860400011885418,0
1.4170994603840432,1.591324944189093,1.1179140422087552,1.9083208304737225,0
-0.394717818319538,-0.9284785789112208,-0.9245504949722227,-0.6581362953737606,1
-0.5024255465233651,-0.8769715529636662,-0.751554960723236,-0.2418546065320396,1
-0.24421636378187528,-0.3931866261172249,-0.07783866472580969,0.08001607940246225,0
-1.1672047646308323,-0.6239502477330022,-0.6991761853145445,-0.4544476300059327,1
-0.5345018571515142,-1.1675551981087733,-1.3130948870661878,-0.5051723841055009,0
-0.3111708502567533,-0.9210938186212012,-0.3049137994018027,-0.826739429866694,1
-0.8235753371300304,-0.3741658891822212,-0.260385462604816,-0.0621535310259426,0
-0.8473162023919619,-0.4071616994566038,-1.2221345209356265,-1.939390133696421,1
0.5837259656514459,0.5630981591360764,0.6553827038462751,0.47084140082799875,0
1.110006919313324,1.3800737687028282,0.7516640981278764,1.480806424804037,0
-1.2351422146976656,-0.8549362629012487,-1.229387737135082,-0.6352979767298349,1
-0.9686224439059428,-0.188608995396882,-1.0851103078258053,-1.0021925679444843,1
2.057630046650279,1.920408557643321,2.348665474581637,1.7903340214315882,0
2.2326649921886954,2.0188793183006415,2.4756763723245805,1.6703406469314475,0
-1.0986553965688652,-1.0041226075949596,-1.5480120559514126,-0.9775923601187992,1
-0.6021961511028094,-1.0589405510906091,-0.2366338840249305,-1.4843737494577014,1
0.0941512887370434,0.8595311421031788,0.1636865097889478,0.9912664202663968,0
-0.5530658059025089,-0.7931360468877406,-0.8498025653336174,-0.9484082849669996,1
1.0493775782010952,1.299680583794553,1.0172494222829498,1.1809231057049785,0
0.7574989217212074,0.8551899622559589,-0.2229992148812912,1.7690928860388966,0
-1.3614667178319149,-1.0163830922192956,-1.1207373645047587,-0.5006944529895998,1
1.6806286600527003,1.4253989923369434,1.232070301119287,1.5797944742764818,0
-0.4005364848088782,-1.3490974295864908,-0.394255502755869,-0.0150364886134202,1
-0.4661083669684747,-0.7754618730148994,-0.7213101930363859,-0.4176777171764875,1
-0.7839700472151993,-0.7966301432791734,-0.8245749075477292,-0.3821989097464442,1
-0.7256514783749882,-1.0669489431171466,-0.4091229564620487,-0.8809646384833779,1
1.3488715850447848,2.115288225474039,2.0574291231556074,1.422935240074097,0
-1.2185177082933658,-0.912596427073207,-0.3937016875089141,-1.1661049190353407,0
-0.1478196608185837,-0.2237678565579237,0.7068784603461308,0.1331213928874785,0
0.958959624839428,0.3671886569944559,0.9383485013185108,1.255388061337051,0
-0.6940509270785633,-0.4489490156339119,-0.779756119409178,-1.5008330686616738,0
1.3938414152790397,1.845684497501748,2.5381226248974302,1.7388927692119869,0
-1.0388097939542225,-0.2266223967479457,-0.9945892306339541,-0.42272284261935567,1
-1.0673469910032265,-0.909491016268278,-1.166666102676355,-0.4349518307053693,1
-0.2086938156210392,-1.3421742254913442,-0.1837916204701029,-0.9368805856113556,1
-0.08412994170994026,-0.07780073425339395,-0.11289075441620333,-0.36078973528478364,0
1.5926541803607452,1.028472566775638,1.3057467694913794,0.6035871495971881,0
-0.8208985467009173,-0.8569955595794353,-0.702903832950025,-0.9087686561122233,1
1.0163868170526942,1.477284060826881,0.9699917594642884,1.4284483968594968,0
1.4831409959685473,1.1134152602061937,0.9453294851635207,0.6442428923501657,0
-1.0208024836712968,-1.0424818664032005,-0.4631478717001929,-1.27368819777276,1
-0.767777650501261,-0.7262513499734531,-0.4856167821133635,-0.4346499824019781,1
1.0902569531667423,1.1686186700685612,0.9067008014101744,1.4317786613315855,0
-0.2661933499822523,-0.7514363413100511,0.2321572465242848,-0.6298908038123981,0
-1.2655559546716928,-0.1428167534075478,-0.3905661041610448,-0.94706789018582,1
-1.164938388737483,-0.9017636542241738,-0.8425450619534272,-0.4660085051459456,0
-0.16234801544927213,-0.08013110782166666,-0.061009018717808394,0.37559901669608364,0
-0.5122500773547966,-0.5292557867556628,-1.4868558952847415,-0.7947553363240804,1
0.8010655239812625,0.4920754361453613,-0.0109294006731224,0.5618326472597768,0
1.405829038935174,1.1057044788827142,0.612530299356782,0.5112680641986063,0
-1.126549845141647,-0.7711569525913643,-1.0139343032509545,-0.7775562469111229,1
-1.234818261819071,-0.6246124748440401,-0.0999391429379757,-0.6595622541589584,1
0.3172046797503429,-0.0154186172573058,-0.8813659223176212,-0.8609351224860404,1
1.9369636293771724,1.42678285367287,2.3719092592674014,2.271102263809521,0
2.1381424860964158,1.6039782891858168,1.843334049782925,1.6221199621815452,0
0.3441712985721127,0.9236704707425962,0.9976925035610792,0.8572178755953003,0
-0.7945249383475451,-1.032988175043128,-0.66033237146416,-1.81314273777798,1
0.5867933494533729,1.6772872183131882,1.333526205504773,1.11498531710881,0
-1.2175565751284982,-0.4383764526103967,-0.6010800573559046,-1.054092570609591,1
-0.2849463654212195,-1.0897105905767264,-0.6140754205029447,-0.974290244271086,0
-0.9206413497760388,-0.4866875296622045,-0.6741434886485662,-0.2613220492905611,1
2.5462485879597283,2.1481757900978313,2.0453286229642216,2.7757729192667937,0
-0.9853701004910532,-1.4484807821739376,-0.7632744608662569,-0.838334068580954,0
0.8285577065989915,0.7229933753438037,1.626728443759943,1.5390819600583672,0
0.6069372306774046,0.4474201978140178,1.3093087759206647,0.6568322200077248,0
1.4909702552349526,-0.060018336704249164,0.7862829794654016,1.019501016591893,0
-0.4485895352520749,-0.8526984008938385,-0.6831906724871014,-0.5744012902412037,0
1.2652083371967793,1.7646466826645624,1.6012925566944012,1.1395604169232252,0
-0.6563141789937965,-0.820675479515077,-0.487890222095787,-0.773710907474651,1
-1.3245786947641014,-0.8862336281465691,-0.8456111650028316,-0.5871293581860896,1
-1.0347423143566756,-0.7830662252218058,-0.8225020130901077,-1.3462717351037528,1
-1.1569690327841329,-0.2229655134862551,-0.110621081477628,-0.6535715088428569,1
0.5828894932918507,0.4147808795986014,1.2959223924879018,0.2772163969291703,0
-0.5665237662040583,-1.0961747939480204,-0.7831178239885914,-1.509950553293895,1
-0.9510693116050798,-0.7870455413834493,-0.3064014962166193,-0.6978054992130656,1
-0.6973085625103694,-0.5285857187458124,-1.203037766956152,-1.5414886451054963,0
-1.0847033115484845,-0.5918666041316099,-1.0409884919957229,-0.9754690589321711,1
1.8678890054413309,1.141685418658943,1.5798022274866528,1.6604800185345452,0
-0.8157919771915504,-0.5256275187267856,-1.1577169474835776,-0.6511105184247645,1
0.8773185931506784,1.1940802724328972,1.2868570994455542,1.642881031559955,0
-0.4511457776875063,-0.6484874191086075,-0.7944631077987461,-0.9361317248698564,1
-1.1053811942213394,-0.2998791339838316,-0.8449751081309654,-1.109254746227175,1
2.045661276610093,2.310510046541985,2.3216972656692816,0.8855849161883986,0
-0.2109539061690979,-0.5857745213459895,-1.0991936394839583,-0.1575117330111984,1
1.4834240688704596,1.1172745203668175,1.374486546463257,1.1371353138445677,0
1.589091036718989,1.3455855859759225,2.297175547968047,1.3189320454359947,0
0.504135991309813,0.1567822450011012,0.8188381861135409,0.4085168607985151,0
0.3390029132882974,-0.2964298790103902,0.6066017166242309,0.3725077631703655,0
-1.2607712882019717,-1.3442960109401794,-1.0236033138387688,-0.5280586977539072,1
-0.1950509791912483,-1.3825167048160565,-0.6421441291034479,-0.6042141381131194,1
1.5838660927930426,1.6533867522345571,1.652850477227647,1.1017590452847768,0
2.585753081555784,2.0959768043191556,2.183394050423303,1.488535226202098,0
0.5197847245611644,0.847273355942515,0.9497456279088652,1.0150082546488903,0
0.44791940729650886,0.5507182316294101,-0.13449036796253722,-0.49139876082694867,0
1.4017363295379626,1.8347535370414088,1.660223035760796,0.798940464356999,0
-1.2109478732716026,-0.6691062565468259,-1.540666196145695,-0.45896137356510847,0
-1.1547485402557698,-1.0116495503041625,-0.7414831596233399,-0.6861289671208815,1
-0.4759987918829848,-0.6530656742902501,-0.7492491253559633,-0.8019099686552088,1
1.84425297313135,1.1234623168447402,1.1436582049187805,1.6990640303003866,0
-1.267158450925102,-0.5113020842528757,-0.8043247679431093,-1.321718616552361,1
1.1373776158710984,1.271087862544194,1.1045732297731667,1.0160422046395758,0
-1.3897028758362118,-0.9668044044274993,-0.8454496210497827,-1.086170489876738,1
-0.8976795514482524,-0.7820942504405722,-1.1310646965835156,-0.387401882919471,1
-1.167216695065214,-1.460794298148207,-0.3805178181120937,-0.7312841246064072,1
-0.0537929327582439,0.581179814772151,1.016494952833526,1.0286239078785218,0
-0.3136132982025233,-0.2242854858462745,0.3127283816355219,-1.191859352851687,1
1.6088764600088892,1.6099054014147334,1.8388591688049551,1.5498798140416632,0
1.0544804256206264,1.194627925318528,0.1967489640602815,1.271715343204535,0
0.0147028078080094,-0.9668409078208204,-0.4639067439040172,-0.8191518366364086,1
1.1447538841098233,1.5444827384798296,1.2406077707753522,1.7635727131842711,0
-0.3013495076101236,-0.5605757419991652,-0.0892723703357596,0.341164620629599,0
0.7779453489176127,0.4962206918154546,0.4166962634734127,0.4657142913218196,0
-1.1944494587372625,-1.0132559725927617,-1.1341378507026838,-0.9834328722517792,1
-1.2773154936831443,-1.398445550025968,-0.6850071055207667,-0.747944164535917,1
-0.8204500837195257,-0.22277069602372646,0.18895121021478856,0.06935352499952052,0
-0.963477298398703,-0.6763749565376538,-0.6955077452777936,-1.1106336395878846,1
0.8207598823047718,1.0987639495466963,1.1005989606613449,0.583477350586455,0
-0.9015412861323684,-0.4415927917838758,-1.1621946149354576,-1.1190336986725675,1
-0.3981101753664369,-0.9158815849546889,-0.5561084763510671,-0.8096940584992202,1
-1.342955511114241,-1.0995428705259604,-0.3449832357363916,-0.5173106401911078,1
-0.5499832707127466,-1.4018501182854548,-1.0287232911429391,-0.2424630687870259,1
-0.8211271214339736,-1.0856931732863289,-0.2638236321555333,-1.347049675674859,1
-1.0862265963880706,-0.8468400549782484,-0.8124398440134449,-0.8642223289792306,1
-0.739548306169847,-1.4795703406974003,-0.953922128297868,-1.5737728962547817,1
1.39265332596158,2.1395477960804774,2.3782271410087787,1.5196851776330265,0
0.7116204612204883,1.4295482896497531,1.2707031856015467,1.1108035953376991,0
1.8604155898733,2.1286432191775124,2.685304831080089,2.203661109662735,0
0.6432471956812585,0.2467972666495957,0.8473877567254683,1.0364711719459263,0
-0.3997360076486154,-0.7441070011044023,-1.618367030857116,-0.9189954588999416,1
-0.4148340000577245,-0.7022028549653607,-0.9371454024029172,-1.1569884047154493,1
-1.0080024688478328,-0.6339199732073042,-1.1037246750273728,-0.3713987924896987,1
-1.2161012858760212,-0.836607773807154,-1.068753807467166,-0.5653548912523669,1
-0.613060718760592,-0.9855860789968668,-0.7760740189592442,-0.8406348770474307,1
-0.2101614956857919,-1.1816310606053673,-0.4651942526132634,-0.3037578530902128,1
-0.3324487770720779,-0.9480858508883232,-0.3925200670791341,-0.5972023956717923,1
0.9436241908262312,0.7671049320809976,-0.278342754435159,0.985091227516957,0
-0.8897232230367518,-0.8156112865007713,-0.994468434260274,-0.4246091804870051,1
1.858220012396343,1.9614848450003488,1.6609267372122916,2.0357170369303224,0
-0.7946116080945498,-0.3031609239144572,-1.000050729877047,-0.1761149797093789,1
0.940897650004481,1.500951183916461,1.5385828968184756,1.6123779119438948,0
1.3205212683534349,1.406964881277306,1.313456878749081,1.0585449897914114,0
0.886007338982351,1.3300949750042268,0.9471905827684808,1.174195876708931,0
-0.5076897576251487,-0.3737008445453951,-0.8107252758759733,-0.8734412675575587,0
-1.177579820075979,-0.2338241511511011,-1.0786111209915092,-0.854327914927356,1
0.6650125043891119,1.2115308457323897,0.8251393957737102,1.7013218342110268,0
-0.1345040223959573,-0.1966597123427124,-0.3586498619294502,-0.0800214122051927,0
0.7537590424051688,1.2966963125428927,1.3476956749277005,0.991385373695037,0
1.3607874781659572,0.342191737741232,0.5152867992061994,0.4906003638648377,0
-1.1453934312978844,-0.9558209295898206,-0.2776272100529029,-1.637720689603593,1
-0.5878929696152786,-1.1181914796648478,-1.2630772191472002,-0.781403597096147,1
-0.4490239689596064,-1.821072762787678,-0.8559483363343897,-0.8644451139765351,1
-0.6713951542376133,-1.1360872186170787,-0.91211945770369,-1.1921849463885497,1
0.2540956372733904,0.0549844447275508,-0.1330483252555369,-0.3179236596823208,0
-0.80890548632441,-0.6905153325060205,-1.2142730617023298,-0.8687147321446322,1
-0.4899941759980457,-0.3954308932474504,-0.9836387271898418,-0.5502680523703042,1
-0.7438665582876098,-0.8752461486645757,-0.4190815991667462,-0.6103928083297346,1
0.4902310640799531,1.1578184781047691,0.5117855414831088,1.3650230914226946,0
-0.7688005241932199,-0.7052736349969659,-1.0831485235851979,-0.2837138744808996,1
-1.133858414899969,-0.2931952675224014,-0.164079252396188,-0.59172968300868,0
-0.3926601856520745,-0.6255942816135794,-0.877213424488838,-0.9784820688625756,1
2.014577979023115,1.7279100793578208,1.5416528408704393,1.9089418365102293,0
2.65561245343551,2.095598213157049,2.5766761353386785,1.8954453015414527,0
-1.0073874185373102,-0.8417454062038451,-0.2286693887655096,-1.1260606587028834,1
0.5594594946711007,-0.0876780039316411,0.2328305490298904,0.6434434363914365,0
-0.4109473800675378,-1.2262771149134528,-0.6507123688635139,-1.20960936411822,1
1.937941440557039,2.161456822100696,1.5760029224069405,2.1896853668486447,0
-0.0201382243947412,-0.3015368217430249,0.0397589559857486,-0.1055298149022431,0
-0.211355307967876,-0.9328287604751284,-0.5677624573597162,-1.1960363022182778,1
1.2259502538151783,2.088071777857355,1.5129749925950156,1.425321966081745,0
-0.5688794530765087,-0.9449168120008962,-0.7621896665024464,-0.8056217043193138,1
0.1014397736449753,1.4051251677320973,0.8114457488902587,1.5179841891910069,0
0.6417081194246484,2.2253076152442235,1.5678463200403074,1.5915221595065587,0
0.0626658286180315,-0.4665679081925126,0.1562961280576184,-0.2097770929829333,0
0.5073159970424928,0.9647828126874568,1.1107667782067028,1.2556777667276249,0
-1.506260710268183,-0.7809346529578658,-0.5918501339008851,-0.6613987464562213,1
0.7441920402073343,1.473685992123294,1.1328640104527248,1.3636926383468704,0
-1.1339990203244703,-0.8222572357857949,-1.3349035418784212,-0.5891641323714317,1
1.0661205737442896,0.7028756818172466,0.8927733085313695,0.6990119352827106,0
-0.899430843286096,-0.7118038030640641,-0.7751255632370337,-0.7425687705184397,1
-0.97109306841407,-1.0805165094435385,-1.0448683788403432,-1.2639065304693309,1
-0.7840418102772752,-0.1789793837808261,-0.1929522179867504,-0.9599948066845438,0
-1.0280962807874074,-0.4809615008006041,-0.1809271560555017,-0.503081648943151,0
-0.7700608798847225,-1.1493748332648064,-0.7797545480744417,-1.238462430034652,1
-0.7462235211204514,-0.5545528233966153,-0.8914501052919834,0.0291372587095686,1
1.6427479398181764,1.4214268143764972,2.637810869700137,1.9122208091547168,0
2.180551235092912,1.8990273531720652,1.9913160071770015,1.6175907866001915,0
-0.6362493513119354,-1.398544452318237,-0.9911861759045534,-0.8758632220632697,1
0.45791771148289856,-0.19415088326960006,1.1033314595498669,-0.06428274020708857,0
-0.0270163678131483,1.0884641676620677,0.3253616886705224,1.0980142052156143,0
1.839200168013999,1.169388036965786,1.742820758702285,2.057122576079558,0
-1.1916317905764555,-1.013763727226623,-0.3023668821834578,-0.6016266542233196,1
-1.0265207369679938,-0.9741133903241284,-0.5205568937361831,-0.2267915625064164,1
-0.3574716737962139,-1.062723845949988,-0.9917701598258912,-1.7672796801690147,1
-1.0060089532990917,-0.873330607332772,-0.645546933990607,-0.2814921028307334,0
-0.38069222536589,-0.647737606775026,-1.1323921922975762,-1.0681703295343463,1
1.8638322727609624,1.8374587014748796,1.8195341683289905,1.823387263474893,0
-0.577654636375914,-0.5005350780911939,-0.7396602274398808,-1.3266276565050377,1
1.6174642965160653,1.011864695038137,1.5225049570811695,1.9874170187697635,0
0.0265136028166446,0.0035595205158938,0.0650710406838313,0.1230603184326659,0
-0.6167376751631647,-1.0685791579284172,-0.8539363725597857,-1.2977634743242703,1
-0.7851187585944358,-0.6999096072615021,-0.1471664240308769,-0.9267943501336916,1
0.9556488453699248,1.0662711374034863,0.7924568642732225,0.08777276736309769,0
-0.7834980143990801,-0.7723113727095712,-1.0718946816811108,-0.7653383469217657,1
-0.9834365609568329,-0.4223270554672466,-0.6391188355520635,-0.0721664257520765,1
-1.3113102101459306,-1.4852425098076356,-0.8995290086495551,-0.8314489352731789,1
0.8805538866942818,0.8977913297798592,0.8789244334460673,1.6687579076504586,0
-1.4743524456574064,-0.2819850224257799,-1.237581159263921,-0.9949199813878256,1
-0.8880588155400615,-0.6590269623047909,-0.5715580238921365,-0.6987305140686494,1
